ModelYear,MfrName,Division,Carline,VerifyMfrCd,INDEX,EngDispl,# Cyl,CityFE,HwyFE,CombFE,Guzzler,Trans,Automatic,US
2015,BMW,BMW,Z4 sDrive28i,BMX,428,2,4,22,33,26,0,SA,1,International
2015,BMW,BMW,Z4 sDrive28i,BMX,429,2,4,22,34,26,0,M,0,International
2015,BMW,BMW,Z4 sDrive35i,BMX,436,3,6,17,24,20,0,AMS,1,International
2015,BMW,BMW,Z4 sDrive35i,BMX,435,3,6,19,26,21,0,M,0,International
2015,BMW,BMW,Z4 sDrive35is,BMX,438,3,6,17,24,20,0,AMS,1,International
2015,BMW,Mini,Mini Cooper Coupe,BMX,40,1.6,4,28,36,31,0,SA,1,International
2015,BMW,Mini,Mini Cooper Coupe,BMX,41,1.6,4,29,37,32,0,M,0,International
2015,BMW,Mini,Mini Cooper Roadster,BMX,30,1.6,4,26,34,29,0,SA,1,International
2015,BMW,Mini,Mini Cooper Roadster,BMX,31,1.6,4,27,34,30,0,M,0,International
2015,BMW,Mini,Mini Cooper S Coupe,BMX,52,1.6,4,25,34,28,0,SA,1,International
2015,BMW,Mini,Mini Cooper S Coupe,BMX,53,1.6,4,26,35,29,0,M,0,International
2015,BMW,Mini,Mini Cooper S Roadster,BMX,50,1.6,4,25,34,28,0,SA,1,International
2015,BMW,Mini,Mini Cooper S Roadster,BMX,51,1.6,4,26,35,29,0,M,0,International
2015,BMW,Mini,Mini John Cooper Works Coupe,BMX,70,1.6,4,25,34,28,0,SA,1,International
2015,BMW,Mini,Mini John Cooper Works Coupe,BMX,71,1.6,4,26,35,29,0,M,0,International
2015,BMW,Mini,Mini John Cooper Works Roadster,BMX,72,1.6,4,25,34,28,0,SA,1,International
2015,BMW,Mini,Mini John Cooper Works Roadster,BMX,73,1.6,4,26,35,29,0,M,0,International
2015,BMW,Mini,Mini Cooper Convertible,BMX,36,1.6,4,26,34,29,0,SA,1,International
2015,BMW,Mini,Mini Cooper Convertible,BMX,37,1.6,4,27,34,30,0,M,0,International
2015,BMW,Mini,Mini Cooper S Convertible,BMX,58,1.6,4,25,34,28,0,SA,1,International
2015,BMW,Mini,Mini Cooper S Convertible,BMX,59,1.6,4,26,35,29,0,M,0,International
2015,BMW,Mini,Mini John Cooper Works Conv.,BMX,78,1.6,4,25,34,28,0,SA,1,International
2015,BMW,Mini,Mini John Cooper Works Conv.,BMX,79,1.6,4,26,35,29,0,M,0,International
2015,BMW,BMW,228i,BMX,200,2,4,23,36,28,0,SA,1,International
2015,BMW,BMW,228i,BMX,201,2,4,22,34,26,0,M,0,International
2015,BMW,BMW,228i xDrive,BMX,202,2,4,23,35,27,0,SA,1,International
2015,BMW,BMW,428i Convertible,BMX,404,2,4,23,34,27,0,SA,1,International
2015,BMW,BMW,428i xDrive Convertible,BMX,406,2,4,21,33,25,0,SA,1,International
2015,BMW,BMW,435i Convertible,BMX,414,3,6,20,31,24,0,SA,1,International
2015,BMW,BMW,435i xDrive Convertible,BMX,416,3,6,20,29,23,0,SA,1,International
2015,BMW,BMW,640i Convertible,BMX,641,3,6,20,31,24,0,SA,1,International
2015,BMW,BMW,640i Coupe,BMX,640,3,6,21,32,25,0,SA,1,International
2015,BMW,BMW,640i xDrive Convertible,BMX,645,3,6,20,29,23,0,SA,1,International
2015,BMW,BMW,640i xDrive Coupe,BMX,643,3,6,20,29,23,0,SA,1,International
2015,BMW,BMW,650i Convertible,BMX,654,4.4,8,17,25,20,0,SA,1,International
2015,BMW,BMW,650i Coupe,BMX,650,4.4,8,17,25,20,0,SA,1,International
2015,BMW,BMW,650i xDrive Convertible,BMX,656,4.4,8,16,24,19,0,SA,1,International
2015,BMW,BMW,650i xDrive Coupe,BMX,652,4.4,8,16,25,19,0,SA,1,International
2015,BMW,BMW,M235i,BMX,235,3,6,21,32,25,0,SA,1,International
2015,BMW,BMW,M235i,BMX,236,3,6,19,28,22,0,M,0,International
2015,BMW,BMW,M235i xDrive,BMX,237,3,6,20,30,24,0,SA,1,International
2015,BMW,BMW,M4 Convertible,BMX,483,3,6,17,24,19,0,AMS,1,International
2015,BMW,BMW,M4 Convertible,BMX,482,3,6,17,26,20,0,M,0,International
2015,BMW,BMW,M6 Convertible,BMX,663,4.4,8,14,20,16,1,AMS,1,International
2015,BMW,BMW,M6 Convertible,BMX,662,4.4,8,15,22,17,1,M,0,International
2015,BMW,BMW,M6 Coupe,BMX,661,4.4,8,14,20,16,1,AMS,1,International
2015,BMW,BMW,M6 Coupe,BMX,660,4.4,8,15,22,17,1,M,0,International
2015,BMW,Mini,Mini Cooper (3-doors),BMX,32,1.5,3,28,37,31,0,SA,1,International
2015,BMW,Mini,Mini Cooper (3-doors),BMX,33,1.5,3,29,40,33,0,M,0,International
2015,BMW,Mini,Mini Cooper (5-doors),BMX,34,1.5,3,28,37,31,0,SA,1,International
2015,BMW,Mini,Mini Cooper (5-doors),BMX,35,1.5,3,29,40,33,0,M,0,International
2015,BMW,Mini,Mini Cooper S (3-doors),BMX,54,2,4,26,33,29,0,SA,1,International
2015,BMW,Mini,Mini Cooper S (3-doors),BMX,55,2,4,24,34,27,0,M,0,International
2015,BMW,Mini,Mini Cooper S (5-doors),BMX,56,2,4,26,33,29,0,SA,1,International
2015,BMW,Mini,Mini Cooper S (5-doors),BMX,57,2,4,24,34,27,0,M,0,International
2015,BMW,BMW,320i,BMX,320,2,4,24,36,28,0,SA,1,International
2015,BMW,BMW,320i,BMX,321,2,4,23,36,27,0,M,0,International
2015,BMW,BMW,320i xDrive,BMX,322,2,4,23,35,27,0,SA,1,International
2015,BMW,BMW,328d,BMX,345,2,4,32,45,37,0,SA,1,International
2015,BMW,BMW,328d xDrive,BMX,346,2,4,31,43,35,0,SA,1,International
2015,BMW,BMW,328i,BMX,300,2,4,23,35,27,0,SA,1,International
2015,BMW,BMW,328i,BMX,301,2,4,22,34,26,0,M,0,International
2015,BMW,BMW,328i xDrive,BMX,304,2,4,22,33,26,0,SA,1,International
2015,BMW,BMW,335i,BMX,335,3,6,21,32,25,0,SA,1,International
2015,BMW,BMW,335i,BMX,336,3,6,20,30,24,0,M,0,International
2015,BMW,BMW,335i xDrive,BMX,339,3,6,20,30,24,0,SA,1,International
2015,BMW,BMW,335i xDrive,BMX,340,3,6,20,28,23,0,M,0,International
2015,BMW,BMW,428i Coupe,BMX,400,2,4,23,35,27,0,SA,1,International
2015,BMW,BMW,428i Coupe,BMX,401,2,4,22,34,26,0,M,0,International
2015,BMW,BMW,428i Gran Coupe,BMX,408,2,4,23,34,27,0,SA,1,International
2015,BMW,BMW,428i xDrive Coupe,BMX,402,2,4,22,33,26,0,SA,1,International
2015,BMW,BMW,428i xDrive Gran Coupe,BMX,409,2,4,22,32,26,0,SA,1,International
2015,BMW,BMW,435i Coupe,BMX,410,3,6,21,32,25,0,SA,1,International
2015,BMW,BMW,435i Coupe,BMX,411,3,6,20,30,24,0,M,0,International
2015,BMW,BMW,435i Gran Coupe,BMX,455,3,6,21,32,25,0,SA,1,International
2015,BMW,BMW,435i xDrive Coupe,BMX,412,3,6,20,30,24,0,SA,1,International
2015,BMW,BMW,435i xDrive Coupe,BMX,413,3,6,20,28,23,0,M,0,International
2015,BMW,BMW,435i xDrive Gran Coupe,BMX,457,3,6,20,31,24,0,SA,1,International
2015,BMW,BMW,640i Gran Coupe,BMX,642,3,6,20,31,24,0,SA,1,International
2015,BMW,BMW,640i xDrive Gran Coupe,BMX,644,3,6,20,29,23,0,SA,1,International
2015,BMW,BMW,650i Gran Coupe,BMX,657,4.4,8,17,25,20,0,SA,1,International
2015,BMW,BMW,650i xDrive Gran Coupe,BMX,658,4.4,8,16,24,19,0,SA,1,International
2015,BMW,BMW,ActiveHybrid 3,BMX,350,3,6,25,33,28,0,SA,1,International
2015,BMW,BMW,Alpina B6 Gran Coupe xDrive,BMX,659,4.4,8,16,24,19,0,SA,1,International
2015,BMW,BMW,M3,BMX,381,3,6,17,24,19,0,AMS,1,International
2015,BMW,BMW,M3,BMX,380,3,6,17,26,20,0,M,0,International
2015,BMW,BMW,M4 Coupe,BMX,481,3,6,17,24,19,0,AMS,1,International
2015,BMW,BMW,M4 Coupe,BMX,480,3,6,17,26,20,0,M,0,International
2015,BMW,BMW,M6 Gran Coupe,BMX,665,4.4,8,14,20,16,1,AMS,1,International
2015,BMW,BMW,M6 Gran Coupe,BMX,664,4.4,8,15,22,17,1,M,0,International
2015,BMW,Mini,Mini Cooper Countryman,BMX,38,1.6,4,25,30,27,0,SA,1,International
2015,BMW,Mini,Mini Cooper Countryman,BMX,39,1.6,4,27,34,30,0,M,0,International
2015,BMW,Mini,Mini Cooper Paceman,BMX,42,1.6,4,25,30,27,0,SA,1,International
2015,BMW,Mini,Mini Cooper Paceman,BMX,43,1.6,4,27,34,30,0,M,0,International
2015,BMW,Mini,Mini Cooper S Countryman,BMX,60,1.6,4,25,32,28,0,SA,1,International
2015,BMW,Mini,Mini Cooper S Countryman,BMX,61,1.6,4,26,32,29,0,M,0,International
2015,BMW,Mini,Mini Cooper S Countryman All4,BMX,62,1.6,4,23,30,26,0,SA,1,International
2015,BMW,Mini,Mini Cooper S Countryman All4,BMX,63,1.6,4,25,31,27,0,M,0,International
2015,BMW,Mini,Mini Cooper S Paceman,BMX,64,1.6,4,25,32,28,0,SA,1,International
2015,BMW,Mini,Mini Cooper S Paceman,BMX,65,1.6,4,26,32,29,0,M,0,International
2015,BMW,Mini,Mini Cooper S Paceman ALL4,BMX,66,1.6,4,23,30,26,0,SA,1,International
2015,BMW,Mini,Mini Cooper S Paceman ALL4,BMX,67,1.6,4,25,31,27,0,M,0,International
2015,BMW,Mini,Mini JCW Countryman ALL4,BMX,82,1.6,4,23,30,26,0,SA,1,International
2015,BMW,Mini,Mini JCW Countryman ALL4,BMX,83,1.6,4,25,31,27,0,M,0,International
2015,BMW,Mini,Mini JCW Paceman ALL4,BMX,84,1.6,4,23,30,26,0,SA,1,International
2015,BMW,Mini,Mini JCW Paceman ALL4,BMX,85,1.6,4,25,31,27,0,M,0,International
2015,BMW,BMW,528i,BMX,528,2,4,23,34,27,0,SA,1,International
2015,BMW,BMW,528i xDrive,BMX,530,2,4,22,33,26,0,SA,1,International
2015,BMW,BMW,535d,BMX,543,3,6,26,38,30,0,SA,1,International
2015,BMW,BMW,535d xDrive,BMX,544,3,6,26,37,30,0,SA,1,International
2015,BMW,BMW,535i,BMX,535,3,6,20,31,24,0,SA,1,International
2015,BMW,BMW,535i xDrive,BMX,537,3,6,20,29,23,0,SA,1,International
2015,BMW,BMW,550i,BMX,550,4.4,8,17,25,20,0,SA,1,International
2015,BMW,BMW,550i xDrive,BMX,552,4.4,8,16,25,19,0,SA,1,International
2015,BMW,BMW,ActiveHybrid 5,BMX,545,3,6,23,30,26,0,SA,1,International
2015,BMW,BMW,M5,BMX,561,4.4,8,14,20,16,1,AMS,1,International
2015,BMW,BMW,M5,BMX,560,4.4,8,15,22,17,1,M,0,International
2015,BMW,BMW,328i xDrive Gran Turismo,BMX,326,2,4,22,33,26,0,SA,1,International
2015,BMW,BMW,335i xDrive Gran Turismo,BMX,343,3,6,20,30,24,0,SA,1,International
2015,BMW,BMW,535i Gran Turismo,BMX,540,3,6,19,28,22,0,SA,1,International
2015,BMW,BMW,535i xDrive Gran Turismo,BMX,541,3,6,18,26,21,0,SA,1,International
2015,BMW,BMW,550i Gran Turismo,BMX,554,4.4,8,16,25,19,0,SA,1,International
2015,BMW,BMW,550i xDrive Gran Turismo,BMX,555,4.4,8,16,24,19,0,SA,1,International
2015,BMW,BMW,740i,BMX,740,3,6,19,29,23,0,SA,1,International
2015,BMW,BMW,740Ld xDrive,BMX,747,3,6,23,31,26,0,SA,1,International
2015,BMW,BMW,740Li,BMX,741,3,6,19,29,23,0,SA,1,International
2015,BMW,BMW,740Li xDrive,BMX,742,3,6,19,28,22,0,SA,1,International
2015,BMW,BMW,750i,BMX,750,4.4,8,17,25,20,0,SA,1,International
2015,BMW,BMW,750i xDrive,BMX,752,4.4,8,16,24,19,0,SA,1,International
2015,BMW,BMW,750Li,BMX,751,4.4,8,16,25,19,0,SA,1,International
2015,BMW,BMW,750Li xDrive,BMX,753,4.4,8,16,24,19,0,SA,1,International
2015,BMW,BMW,760Li,BMX,760,6,12,13,20,15,1,SA,1,International
2015,BMW,BMW,ActiveHybrid 7L,BMX,745,3,6,22,30,25,0,SA,1,International
2015,BMW,BMW,Alpina B7 LWB,BMX,755,4.4,8,16,25,19,0,SA,1,International
2015,BMW,BMW,Alpina B7 LWB xDrive,BMX,757,4.4,8,16,24,19,0,SA,1,International
2015,BMW,BMW,Alpina B7 SWB,BMX,754,4.4,8,16,25,19,0,SA,1,International
2015,BMW,BMW,Alpina B7 SWB xDrive,BMX,756,4.4,8,16,24,19,0,SA,1,International
2015,BMW,BMW,X1 sDrive28i,BMX,152,2,4,23,34,27,0,SA,1,International
2015,BMW,BMW,X1 xDrive28i,BMX,150,2,4,22,32,26,0,SA,1,International
2015,BMW,BMW,X1 xDrive35i,BMX,154,3,6,18,27,21,0,SA,1,International
2015,BMW,BMW,328d xDrive Sports Wagon,BMX,348,2,4,31,43,35,0,SA,1,International
2015,BMW,BMW,328i xDrive Sports Wagon,BMX,323,2,4,22,33,26,0,SA,1,International
2015,BMW,BMW,X3 sDrive 28i,BMX,371,2,4,21,28,24,0,SA,1,International
2015,BMW,BMW,X3 xDrive28d,BMX,374,2,4,27,34,30,0,SA,1,International
2015,BMW,BMW,X3 xDrive28i,BMX,370,2,4,21,28,24,0,SA,1,International
2015,BMW,BMW,X3 xDrive35i,BMX,372,3,6,19,26,21,0,SA,1,International
2015,BMW,BMW,X4 xDrive28i,BMX,470,2,4,20,28,23,0,SA,1,International
2015,BMW,BMW,X4 xDrive35i,BMX,472,3,6,19,27,22,0,SA,1,International
2015,BMW,BMW,X5 sDrive35i,BMX,574,3,6,19,27,22,0,SA,1,International
2015,BMW,BMW,X6 sDrive35i,BMX,674,3,6,19,27,22,0,SA,1,International
2015,BMW,BMW,X5 xDrive 35d,BMX,570,3,6,24,31,27,0,SA,1,International
2015,BMW,BMW,X5 xDrive35i,BMX,571,3,6,18,27,21,0,SA,1,International
2015,BMW,BMW,X5 xDrive50i,BMX,572,4.4,8,15,22,17,0,SA,1,International
2015,BMW,BMW,X6 xDrive35i,BMX,671,3,6,18,27,21,0,SA,1,International
2015,BMW,BMW,X6 xDrive50i,BMX,672,4.4,8,15,22,17,0,SA,1,International
2015,ChryslerGLLC,Dodge,Viper SRT,CRX,185,8.4,10,12,21,15,1,M,0,US
2015,ChryslerGLLC,FIAT,500,CRX,32,1.4,4,27,34,30,0,A,1,US
2015,ChryslerGLLC,FIAT,500,CRX,33,1.4,4,24,32,27,0,A,1,US
2015,ChryslerGLLC,FIAT,500,CRX,34,1.4,4,31,40,34,0,M,0,US
2015,ChryslerGLLC,FIAT,500,CRX,35,1.4,4,28,34,30,0,M,0,US
2015,ChryslerGLLC,FIAT,500 Abarth,CRX,36,1.4,4,24,32,27,0,A,1,US
2015,ChryslerGLLC,FIAT,500 Abarth,CRX,37,1.4,4,28,34,30,0,M,0,US
2015,ChryslerGLLC,Chrysler,200,CRX,1,2.4,4,23,36,28,0,A,1,US
2015,ChryslerGLLC,Chrysler,200,CRX,45,2.4,4,23,36,28,0,A,1,US
2015,ChryslerGLLC,Chrysler,200,CRX,2,3.6,6,19,32,23,0,A,1,US
2015,ChryslerGLLC,Chrysler,200,CRX,99,3.6,6,19,32,23,0,A,1,US
2015,ChryslerGLLC,Chrysler,200 AWD,CRX,3,3.6,6,18,29,22,0,A,1,US
2015,ChryslerGLLC,Chrysler,200 AWD,CRX,101,3.6,6,18,29,22,0,A,1,US
2015,ChryslerGLLC,Dodge,Challenger,CRX,26,3.6,6,19,30,23,0,A,1,US
2015,ChryslerGLLC,Dodge,Challenger,CRX,27,5.7,8,16,25,19,0,A,1,US
2015,ChryslerGLLC,Dodge,Challenger,CRX,28,5.7,8,15,23,18,0,M,0,US
2015,ChryslerGLLC,Dodge,Challenger,CRX,379,6.4,8,15,25,18,0,A,1,US
2015,ChryslerGLLC,Dodge,Challenger,CRX,216,6.4,8,14,23,17,1,M,0,US
2015,ChryslerGLLC,Dodge,Challenger SRT8,CRX,392,6.2,8,13,22,16,1,A,1,US
2015,ChryslerGLLC,Dodge,Challenger SRT8,CRX,393,6.2,8,13,21,16,1,M,0,US
2015,ChryslerGLLC,Dodge,Challenger SRT8,CRX,29,6.4,8,15,25,18,0,A,1,US
2015,ChryslerGLLC,Dodge,Challenger SRT8,CRX,352,6.4,8,14,23,17,1,M,0,US
2015,ChryslerGLLC,Dodge,Dart,CRX,10,1.4,4,27,37,31,0,AM,1,US
2015,ChryslerGLLC,Dodge,Dart,CRX,11,2,4,24,34,27,0,A,1,US
2015,ChryslerGLLC,Dodge,Dart,CRX,14,2,4,25,36,29,0,M,0,US
2015,ChryslerGLLC,Dodge,Dart,CRX,12,2.4,4,23,35,27,0,A,1,US
2015,ChryslerGLLC,Dodge,Dart,CRX,15,2.4,4,22,35,27,0,M,0,US
2015,ChryslerGLLC,Dodge,Dart Aero,CRX,16,1.4,4,28,40,32,0,AM,1,US
2015,ChryslerGLLC,Dodge,Dart Aero,CRX,17,1.4,4,28,41,32,0,M,0,US
2015,ChryslerGLLC,Dodge,Dart GT,CRX,18,2.4,4,22,31,26,0,A,1,US
2015,ChryslerGLLC,Dodge,Dart GT,CRX,19,2.4,4,23,33,27,0,M,0,US
2015,ChryslerGLLC,Chrysler,300,CRX,4,3.6,6,19,31,23,0,A,1,US
2015,ChryslerGLLC,Chrysler,300,CRX,5,3.6,6,19,31,23,0,A,1,US
2015,ChryslerGLLC,Chrysler,300,CRX,6,5.7,8,16,25,19,0,A,1,US
2015,ChryslerGLLC,Chrysler,300 AWD,CRX,8,3.6,6,18,27,21,0,A,1,US
2015,ChryslerGLLC,Chrysler,300 AWD,CRX,9,3.6,6,18,27,21,0,A,1,US
2015,ChryslerGLLC,Dodge,Charger,CRX,23,3.6,6,19,31,23,0,A,1,US
2015,ChryslerGLLC,Dodge,Charger,CRX,130,3.6,6,19,31,23,0,A,1,US
2015,ChryslerGLLC,Dodge,Charger,CRX,24,5.7,8,16,25,19,0,A,1,US
2015,ChryslerGLLC,Dodge,Charger AWD,CRX,31,3.6,6,18,27,21,0,A,1,US
2015,ChryslerGLLC,Dodge,Charger AWD,CRX,139,3.6,6,18,27,21,0,A,1,US
2015,ChryslerGLLC,Dodge,Charger SRT8,CRX,391,6.2,8,13,22,16,1,A,1,US
2015,ChryslerGLLC,Dodge,Charger SRT8,CRX,25,6.4,8,15,25,18,0,A,1,US
2015,ChryslerGLLC,FIAT,500L,CRX,94,1.4,4,22,30,25,0,A,1,US
2015,ChryslerGLLC,FIAT,500L,CRX,39,1.4,4,24,33,27,0,AM,1,US
2015,ChryslerGLLC,FIAT,500L,CRX,40,1.4,4,25,33,28,0,M,0,US
2015,ChryslerGLLC,RAM,1500 4X2,CRX,547,3,6,20,28,23,0,A,1,US
2015,ChryslerGLLC,RAM,1500 4X2,CRX,931,3.6,6,17,25,20,0,A,1,US
2015,ChryslerGLLC,RAM,1500 4X2,CRX,936,3.6,6,17,25,20,0,A,1,US
2015,ChryslerGLLC,RAM,1500 4X2,CRX,566,5.7,8,14,20,16,0,A,1,US
2015,ChryslerGLLC,RAM,1500 4X2,CRX,567,5.7,8,15,22,17,0,A,1,US
2015,ChryslerGLLC,RAM,1500 HFE 4X2,CRX,956,3.6,6,18,25,21,0,A,1,US
2015,ChryslerGLLC,RAM,1500 4X4,CRX,548,3,6,19,27,22,0,A,1,US
2015,ChryslerGLLC,RAM,1500 4X4,CRX,932,3.6,6,16,23,19,0,A,1,US
2015,ChryslerGLLC,RAM,1500 4X4,CRX,935,3.6,6,16,23,19,0,A,1,US
2015,ChryslerGLLC,RAM,1500 4X4,CRX,568,5.7,8,13,19,15,0,A,1,US
2015,ChryslerGLLC,RAM,1500 4X4,CRX,938,5.7,8,15,21,17,0,A,1,US
2015,ChryslerGLLC,Chrysler,Town & Country,CRX,528,3.6,6,17,25,20,0,A,1,US
2015,ChryslerGLLC,Chrysler,Town & Country,CRX,659,3.6,6,17,25,20,0,A,1,US
2015,ChryslerGLLC,Dodge,Grand Caravan,CRX,530,3.6,6,17,25,20,0,A,1,US
2015,ChryslerGLLC,Dodge,Grand Caravan,CRX,664,3.6,6,17,25,20,0,A,1,US
2015,ChryslerGLLC,RAM,C/V Tradesman,CRX,549,3.6,6,18,26,21,0,A,1,US
2015,ChryslerGLLC,RAM,C/V Tradesman,CRX,685,3.6,6,18,26,21,0,A,1,US
2015,ChryslerGLLC,Dodge,Journey,CRX,500,2.4,4,19,26,21,0,A,1,US
2015,ChryslerGLLC,Dodge,Journey,CRX,625,3.6,6,17,25,19,0,A,1,US
2015,ChryslerGLLC,Jeep,Cherokee FWD,CRX,510,2.4,4,22,31,25,0,A,1,US
2015,ChryslerGLLC,Jeep,Cherokee FWD,CRX,561,2.4,4,22,31,25,0,A,1,US
2015,ChryslerGLLC,Jeep,Cherokee FWD,CRX,511,3.2,6,21,29,24,0,A,1,US
2015,ChryslerGLLC,Jeep,Compass FWD,CRX,501,2,4,22,27,24,0,CVT,1,US
2015,ChryslerGLLC,Jeep,Compass FWD,CRX,504,2,4,23,30,26,0,M,0,US
2015,ChryslerGLLC,Jeep,Compass FWD,CRX,503,2.4,4,21,28,23,0,A,1,US
2015,ChryslerGLLC,Jeep,Compass FWD,CRX,730,2.4,4,23,29,25,0,M,0,US
2015,ChryslerGLLC,Jeep,Patriot FWD,CRX,505,2,4,22,27,24,0,CVT,1,US
2015,ChryslerGLLC,Jeep,Patriot FWD,CRX,508,2,4,23,30,26,0,M,0,US
2015,ChryslerGLLC,Jeep,Patriot FWD,CRX,507,2.4,4,21,28,23,0,A,1,US
2015,ChryslerGLLC,Jeep,Patriot FWD,CRX,509,2.4,4,23,29,25,0,M,0,US
2015,ChryslerGLLC,Dodge,Journey AWD,CRX,581,3.6,6,16,24,19,0,A,1,US
2015,ChryslerGLLC,Jeep,Cherokee 4X4,CRX,541,2.4,4,21,28,24,0,A,1,US
2015,ChryslerGLLC,Jeep,Cherokee 4X4,CRX,594,2.4,4,21,28,24,0,A,1,US
2015,ChryslerGLLC,Jeep,Cherokee 4X4,CRX,542,3.2,6,20,28,23,0,A,1,US
2015,ChryslerGLLC,Jeep,Cherokee 4x4 Active Drive II,CRX,543,2.4,4,21,27,23,0,A,1,US
2015,ChryslerGLLC,Jeep,Cherokee 4x4 Active Drive II,CRX,545,3.2,6,19,26,22,0,A,1,US
2015,ChryslerGLLC,Jeep,Cherokee Trailhawk 4X4,CRX,544,2.4,4,19,25,22,0,A,1,US
2015,ChryslerGLLC,Jeep,Cherokee Trailhawk 4X4,CRX,546,3.2,6,19,26,22,0,A,1,US
2015,ChryslerGLLC,Jeep,Compass 4X4,CRX,532,2.4,4,21,27,23,0,A,1,US
2015,ChryslerGLLC,Jeep,Compass 4X4,CRX,531,2.4,4,20,23,21,0,CVT,1,US
2015,ChryslerGLLC,Jeep,Compass 4X4,CRX,533,2.4,4,22,27,24,0,M,0,US
2015,ChryslerGLLC,Jeep,Patriot 4X4,CRX,535,2.4,4,21,27,23,0,A,1,US
2015,ChryslerGLLC,Jeep,Patriot 4X4,CRX,534,2.4,4,20,23,21,0,CVT,1,US
2015,ChryslerGLLC,Jeep,Patriot 4X4,CRX,536,2.4,4,22,27,24,0,M,0,US
2015,ChryslerGLLC,Jeep,Wrangler 4X4,CRX,537,3.6,6,17,21,18,0,A,1,US
2015,ChryslerGLLC,Jeep,Wrangler 4X4,CRX,538,3.6,6,17,21,18,0,M,0,US
2015,ChryslerGLLC,Jeep,Wrangler Unlimited 4X4,CRX,539,3.6,6,16,20,18,0,A,1,US
2015,ChryslerGLLC,Jeep,Wrangler Unlimited 4X4,CRX,540,3.6,6,16,21,18,0,M,0,US
2015,ChryslerGLLC,Dodge,Durango RWD,CRX,303,3.6,6,18,25,20,0,A,1,US
2015,ChryslerGLLC,Dodge,Durango RWD,CRX,769,5.7,8,14,23,17,0,A,1,US
2015,ChryslerGLLC,Jeep,Grand Cherokee 4X2,CRX,400,3,6,22,30,25,0,A,1,US
2015,ChryslerGLLC,Jeep,Grand Cherokee 4X2,CRX,402,3.6,6,17,25,20,0,A,1,US
2015,ChryslerGLLC,Jeep,Grand Cherokee 4X2,CRX,786,5.7,8,14,22,17,0,A,1,US
2015,ChryslerGLLC,Dodge,Durango AWD,CRX,304,3.6,6,17,24,19,0,A,1,US
2015,ChryslerGLLC,Dodge,Durango AWD,CRX,770,5.7,8,14,22,16,0,A,1,US
2015,ChryslerGLLC,Jeep,Grand Cherokee 4X4,CRX,401,3,6,21,28,24,0,A,1,US
2015,ChryslerGLLC,Jeep,Grand Cherokee 4X4,CRX,403,3.6,6,17,24,19,0,A,1,US
2015,ChryslerGLLC,Jeep,Grand Cherokee 4X4,CRX,788,5.7,8,14,20,16,0,A,1,US
2015,ChryslerGLLC,Jeep,Grand Cherokee SRT8 4x4,CRX,410,6.4,8,13,19,15,0,A,1,US
2015,Ferrari,"Ferrari North America, Inc.",458 Italia,FEX,142,4.5,8,13,17,14,1,AM,1,International
2015,Ferrari,"Ferrari North America, Inc.",458 Italia,FEX,143,4.5,8,13,17,15,1,AM,1,International
2015,Ferrari,"Ferrari North America, Inc.",458 Speciale,FEX,146,4.5,8,13,17,14,1,AM,1,International
2015,Ferrari,"Ferrari North America, Inc.",458 Speciale,FEX,147,4.5,8,13,17,15,1,AM,1,International
2015,Ferrari,"Ferrari North America, Inc.",458 Speciale Spider,FEX,148,4.5,8,13,17,14,1,AM,1,International
2015,Ferrari,"Ferrari North America, Inc.",458 Speciale Spider,FEX,149,4.5,8,13,17,15,1,AM,1,International
2015,Ferrari,"Ferrari North America, Inc.",458 Spider,FEX,144,4.5,8,13,17,14,1,AM,1,International
2015,Ferrari,"Ferrari North America, Inc.",458 Spider,FEX,145,4.5,8,13,17,15,1,AM,1,International
2015,Ferrari,"Ferrari North America, Inc.",F12,FEX,153,6.3,12,11,16,13,1,AM,1,International
2015,Ferrari,"Ferrari North America, Inc.",F12,FEX,154,6.3,12,12,16,13,1,AM,1,International
2015,Ferrari,"Ferrari North America, Inc.",California T,FEX,249,3.9,8,16,23,18,0,AM,1,International
2015,Ferrari,"Ferrari North America, Inc.",California T,FEX,250,3.9,8,16,23,19,0,AM,1,International
2015,Ferrari,"Ferrari North America, Inc.",FF,FEX,151,6.3,12,11,16,13,1,AM,1,International
2015,Ferrari,"Ferrari North America, Inc.",FF,FEX,152,6.3,12,11,17,13,1,AM,1,International
2015,FordMC,Ford,Fiesta FWD,FMX,82,1.6,4,27,37,31,0,AM,1,US
2015,FordMC,Ford,Fiesta FWD,FMX,83,1.6,4,28,36,31,0,M,0,US
2015,FordMC,Ford,Fiesta SFE FWD,FMX,86,1,3,31,43,36,0,M,0,US
2015,FordMC,Ford,Fiesta SFE FWD,FMX,84,1.6,4,28,38,32,0,AM,1,US
2015,FordMC,Ford,MUSTANG,FMX,50,2.3,4,21,32,25,0,SA,1,US
2015,FordMC,Ford,MUSTANG,FMX,49,2.3,4,22,31,26,0,M,0,US
2015,FordMC,Ford,MUSTANG,FMX,47,3.7,6,19,28,22,0,A,1,US
2015,FordMC,Ford,MUSTANG,FMX,46,3.7,6,17,28,21,0,M,0,US
2015,FordMC,Ford,MUSTANG,FMX,105,5,8,16,25,19,0,A,1,US
2015,FordMC,Ford,MUSTANG,FMX,48,5,8,15,25,19,0,M,0,US
2015,FordMC,Ford,MUSTANG CONVERTIBLE,FMX,249,2.3,4,20,30,24,0,SA,1,US
2015,FordMC,Ford,MUSTANG CONVERTIBLE,FMX,52,5,8,15,24,18,0,SA,1,US
2015,FordMC,Ford,Fiesta ST FWD,FMX,85,1.6,4,26,35,29,0,M,0,US
2015,FordMC,Ford,FUSION AWD,FMX,135,2,4,22,31,25,0,SA,1,US
2015,FordMC,Ford,FUSION FWD,FMX,158,1.5,4,25,37,29,0,SA,1,US
2015,FordMC,Ford,FUSION FWD,FMX,165,1.5,4,24,36,28,0,SA,1,US
2015,FordMC,Ford,FUSION FWD,FMX,136,2,4,22,33,26,0,SA,1,US
2015,FordMC,Ford,FUSION FWD,FMX,144,2.5,4,22,34,26,0,SA,1,US
2015,FordMC,Ford,FUSION HYBRID FWD,FMX,138,2,4,44,41,42,0,CVT,1,US
2015,FordMC,Lincoln,MKZ AWD,FMX,133,2,4,22,31,25,0,SA,1,US
2015,FordMC,Lincoln,MKZ AWD,FMX,155,3.7,6,18,26,21,0,SA,1,US
2015,FordMC,Lincoln,MKZ FWD,FMX,134,2,4,22,33,26,0,SA,1,US
2015,FordMC,Lincoln,MKZ FWD,FMX,157,3.7,6,18,27,22,0,SA,1,US
2015,FordMC,Lincoln,MKZ HYBRID FWD,FMX,139,2,4,41,39,40,0,CVT,1,US
2015,FordMC,Ford,C-MAX Hybrid FWD,FMX,168,2,4,42,37,40,0,CVT,1,US
2015,FordMC,Ford,TAURUS AWD,FMX,125,3.5,6,17,25,20,0,SA,1,US
2015,FordMC,Ford,TAURUS AWD,FMX,154,3.5,6,18,26,21,0,SA,1,US
2015,FordMC,Ford,TAURUS AWD FFV,FMX,153,3.5,6,18,26,21,0,SA,1,US
2015,FordMC,Ford,TAURUS FWD,FMX,149,2,4,22,32,26,0,SA,1,US
2015,FordMC,Ford,TAURUS FWD,FMX,152,3.5,6,19,29,23,0,SA,1,US
2015,FordMC,Ford,TAURUS FWD FFV,FMX,151,3.5,6,19,29,23,0,SA,1,US
2015,FordMC,Lincoln,MKS AWD,FMX,123,3.5,6,17,25,20,0,SA,1,US
2015,FordMC,Ford,Transit T150 Wagon,FMX,242,3.5,6,14,19,16,0,SA,1,US
2015,FordMC,Ford,Transit T150 Wagon FFV,FMX,203,3.7,6,14,19,16,0,SA,1,US
2015,FordMC,Ford,Transit Connect Van 2WD,FMX,234,1.6,4,22,30,25,0,SA,1,US
2015,FordMC,Ford,Transit Connect Van 2WD,FMX,89,2.5,4,21,29,24,0,SA,1,US
2015,FordMC,Ford,TRANSIT CONNECT WAGON FWD,FMX,88,1.6,4,22,30,25,0,SA,1,US
2015,FordMC,Ford,TRANSIT CONNECT WAGON FWD,FMX,87,2.5,4,20,28,23,0,SA,1,US
2015,FordMC,Ford,Transit Connect Wagon LWB FWD,FMX,90,2.5,4,20,28,23,0,SA,1,US
2015,FordMC,Ford,ESCAPE FWD,FMX,170,1.6,4,23,32,26,0,SA,1,US
2015,FordMC,Ford,ESCAPE FWD,FMX,172,2,4,22,30,25,0,SA,1,US
2015,FordMC,Ford,ESCAPE FWD,FMX,173,2.5,4,22,31,25,0,SA,1,US
2015,FordMC,Lincoln,MKC  FWD,FMX,3,2,4,20,29,23,0,SA,1,US
2015,FordMC,Lincoln,MKX FWD,FMX,194,3.7,6,18,26,21,0,SA,1,US
2015,FordMC,Ford,ESCAPE AWD,FMX,169,1.6,4,22,29,25,0,SA,1,US
2015,FordMC,Ford,ESCAPE AWD,FMX,171,2,4,21,28,23,0,SA,1,US
2015,FordMC,Lincoln,MKC  AWD,FMX,1,2,4,19,26,22,0,SA,1,US
2015,FordMC,Lincoln,MKC  AWD,FMX,2,2.3,4,18,26,21,0,SA,1,US
2015,FordMC,Lincoln,MKX AWD,FMX,129,3.7,6,17,23,19,0,SA,1,US
2015,FordMC,Ford,Expedition 2WD,FMX,59,3.5,6,16,22,18,0,SA,1,US
2015,FordMC,Ford,Expedition EL 2WD,FMX,252,3.5,6,15,21,17,0,SA,1,US
2015,FordMC,Ford,EXPLORER FFV 2WD,FMX,159,3.5,6,17,24,20,0,SA,1,US
2015,FordMC,Ford,EXPLORER FWD,FMX,156,2,4,20,28,23,0,A,1,US
2015,FordMC,Ford,EXPLORER FWD,FMX,161,3.5,6,17,24,20,0,SA,1,US
2015,FordMC,Lincoln,Navigator 2WD,FMX,65,3.5,6,16,22,18,0,SA,1,US
2015,FordMC,Lincoln,Navigator L 2WD,FMX,253,3.5,6,15,20,17,0,SA,1,US
2015,FordMC,Ford,Expedition 4WD,FMX,62,3.5,6,15,20,17,0,SA,1,US
2015,FordMC,Ford,Expedition EL 4WD,FMX,255,3.5,6,14,20,16,0,SA,1,US
2015,FordMC,Ford,EXPLORER AWD,FMX,162,3.5,6,17,23,19,0,SA,1,US
2015,FordMC,Ford,EXPLORER AWD,FMX,245,3.5,6,16,22,18,0,SA,1,US
2015,FordMC,Ford,EXPLORER FFV AWD,FMX,160,3.5,6,17,23,19,0,SA,1,US
2015,FordMC,Lincoln,Navigator 4WD,FMX,63,3.5,6,15,20,17,0,SA,1,US
2015,FordMC,Lincoln,Navigator L 4WD,FMX,256,3.5,6,15,19,16,0,SA,1,US
2015,GM,Chevrolet,CORVETTE,GMX,59,6.2,8,16,29,20,0,SA,1,US
2015,GM,Chevrolet,CORVETTE,GMX,60,6.2,8,17,29,21,0,M,0,US
2015,GM,Chevrolet,SPARK,GMX,56,1.2,4,30,39,34,0,CVT,1,US
2015,GM,Chevrolet,SPARK,GMX,57,1.2,4,31,39,34,0,M,0,US
2015,GM,Buick,VERANO,GMX,99,2,4,21,30,24,0,SA,1,US
2015,GM,Buick,VERANO,GMX,73,2,4,20,31,24,0,M,0,US
2015,GM,Buick,VERANO,GMX,75,2.4,4,21,32,25,0,SA,1,US
2015,GM,Cadillac,ATS,GMX,2,2,4,21,30,24,0,SA,1,US
2015,GM,Cadillac,ATS,GMX,4,2,4,19,30,23,0,M,0,US
2015,GM,Cadillac,ATS,GMX,8,2.5,4,21,33,25,0,SA,1,US
2015,GM,Cadillac,ATS,GMX,9,3.6,6,18,28,22,0,SA,1,US
2015,GM,Cadillac,ATS AWD,GMX,6,2,4,20,28,23,0,SA,1,US
2015,GM,Cadillac,ATS AWD,GMX,11,3.6,6,18,26,21,0,SA,1,US
2015,GM,Chevrolet,CAMARO,GMX,84,3.6,6,19,30,22,0,A,1,US
2015,GM,Chevrolet,CAMARO,GMX,86,3.6,6,18,27,21,0,SA,1,US
2015,GM,Chevrolet,CAMARO,GMX,87,3.6,6,17,28,20,0,M,0,US
2015,GM,Chevrolet,CAMARO,GMX,58,6.2,8,15,24,18,0,SA,1,US
2015,GM,Chevrolet,CAMARO,GMX,138,6.2,8,12,18,14,1,SA,1,US
2015,GM,Chevrolet,CAMARO,GMX,157,6.2,8,14,19,16,1,M,0,US
2015,GM,Chevrolet,CAMARO,GMX,49,7,8,13,19,15,1,M,0,US
2015,GM,Chevrolet,SONIC,GMX,27,1.4,4,27,37,31,0,SA,1,US
2015,GM,Chevrolet,SONIC,GMX,32,1.4,4,29,40,33,0,M,0,US
2015,GM,Chevrolet,SONIC,GMX,38,1.8,4,25,35,28,0,SA,1,US
2015,GM,Chevrolet,SONIC,GMX,41,1.8,4,26,35,30,0,M,0,US
2015,GM,Chevrolet,SONIC RS,GMX,30,1.4,4,25,33,28,0,SA,1,US
2015,GM,Chevrolet,SONIC RS,GMX,36,1.4,4,27,34,30,0,M,0,US
2015,GM,Buick,LACROSSE,GMX,23,2.4,4,25,36,29,0,SA,1,US
2015,GM,Buick,LACROSSE,GMX,13,3.6,6,18,28,21,0,SA,1,US
2015,GM,Buick,LACROSSE,GMX,18,3.6,6,18,28,21,0,SA,1,US
2015,GM,Buick,LACROSSE AWD,GMX,77,3.6,6,17,26,20,0,SA,1,US
2015,GM,Buick,REGAL,GMX,98,2,4,21,30,24,0,SA,1,US
2015,GM,Buick,REGAL,GMX,72,2,4,20,31,24,0,M,0,US
2015,GM,Buick,REGAL,GMX,22,2.4,4,25,36,29,0,SA,1,US
2015,GM,Buick,REGAL,GMX,111,2.4,4,19,31,23,0,SA,1,US
2015,GM,Buick,REGAL AWD,GMX,5,2,4,19,27,22,0,SA,1,US
2015,GM,Cadillac,CTS,GMX,158,6.2,8,12,18,14,1,SA,1,US
2015,GM,Cadillac,CTS,GMX,156,6.2,8,14,19,16,1,M,0,US
2015,GM,Cadillac,CTS SEDAN,GMX,3,2,4,20,30,24,0,SA,1,US
2015,GM,Cadillac,CTS SEDAN,GMX,50,3.6,6,16,24,18,0,SA,1,US
2015,GM,Cadillac,CTS SEDAN,GMX,10,3.6,6,18,29,22,0,SA,1,US
2015,GM,Cadillac,CTS SEDAN AWD,GMX,7,2,4,19,28,22,0,SA,1,US
2015,GM,Cadillac,CTS SEDAN AWD,GMX,12,3.6,6,18,26,21,0,SA,1,US
2015,GM,Chevrolet,CRUZE,GMX,26,1.4,4,26,38,30,0,SA,1,US
2015,GM,Chevrolet,CRUZE,GMX,31,1.4,4,26,38,30,0,M,0,US
2015,GM,Chevrolet,CRUZE,GMX,37,1.8,4,22,35,27,0,SA,1,US
2015,GM,Chevrolet,CRUZE,GMX,40,1.8,4,25,36,29,0,M,0,US
2015,GM,Chevrolet,CRUZE,GMX,43,2,4,27,46,33,0,SA,1,US
2015,GM,Chevrolet,CRUZE ECO,GMX,25,1.4,4,26,39,31,0,A,1,US
2015,GM,Chevrolet,CRUZE ECO,GMX,34,1.4,4,28,42,33,0,M,0,US
2015,GM,Chevrolet,MALIBU,GMX,100,2,4,21,30,24,0,SA,1,US
2015,GM,Chevrolet,MALIBU,GMX,88,2.5,4,25,36,29,0,SA,1,US
2015,GM,Chevrolet,SONIC 5,GMX,28,1.4,4,27,37,31,0,SA,1,US
2015,GM,Chevrolet,SONIC 5,GMX,33,1.4,4,29,40,33,0,M,0,US
2015,GM,Chevrolet,SONIC 5,GMX,39,1.8,4,25,35,28,0,SA,1,US
2015,GM,Chevrolet,SONIC 5,GMX,42,1.8,4,26,35,30,0,M,0,US
2015,GM,Chevrolet,SONIC 5 RS,GMX,29,1.4,4,25,33,28,0,SA,1,US
2015,GM,Chevrolet,SONIC 5 RS,GMX,35,1.4,4,27,34,30,0,M,0,US
2015,GM,Cadillac,XTS,GMX,15,3.6,6,18,28,21,0,SA,1,US
2015,GM,Cadillac,XTS AWD,GMX,95,3.6,6,16,24,19,0,SA,1,US
2015,GM,Cadillac,XTS AWD,GMX,81,3.6,6,17,26,20,0,SA,1,US
2015,GM,Chevrolet,IMPALA,GMX,89,2.5,4,22,31,25,0,SA,1,US
2015,GM,Chevrolet,IMPALA,GMX,16,3.6,6,18,28,21,0,SA,1,US
2015,GM,Chevrolet,IMPALA,GMX,19,3.6,6,19,29,22,0,SA,1,US
2015,GM,Chevrolet,IMPALA LIMITED,GMX,107,3.6,6,18,30,22,0,A,1,US
2015,GM,Chevrolet,SS,GMX,131,6.2,8,14,21,17,1,SA,1,US
2015,GM,Chevrolet,COLORADO 2WD,GMX,701,2.5,4,20,27,22,0,A,1,US
2015,GM,Chevrolet,COLORADO 2WD,GMX,552,2.5,4,19,26,22,0,M,0,US
2015,GM,Chevrolet,COLORADO 2WD,GMX,680,3.6,6,18,26,21,0,A,1,US
2015,GM,GMC,CANYON 2WD,GMX,702,2.5,4,20,27,22,0,A,1,US
2015,GM,GMC,CANYON 2WD,GMX,553,2.5,4,19,26,22,0,M,0,US
2015,GM,GMC,CANYON 2WD,GMX,548,3.6,6,18,26,21,0,A,1,US
2015,GM,Chevrolet,COLORADO 4WD,GMX,635,2.5,4,19,25,21,0,A,1,US
2015,GM,Chevrolet,COLORADO 4WD,GMX,547,3.6,6,17,24,20,0,A,1,US
2015,GM,GMC,CANYON 4WD,GMX,636,2.5,4,19,25,21,0,A,1,US
2015,GM,GMC,CANYON 4WD,GMX,679,3.6,6,17,24,20,0,A,1,US
2015,GM,Chevrolet,C15 SILVERADO 2WD,GMX,609,4.3,6,18,24,20,0,A,1,US
2015,GM,Chevrolet,C15 SILVERADO 2WD,GMX,515,5.3,8,16,23,19,0,A,1,US
2015,GM,Chevrolet,C15 SILVERADO 2WD,GMX,568,5.3,8,16,23,19,0,A,1,US
2015,GM,Chevrolet,C15 SILVERADO 2WD,GMX,641,6.2,8,15,21,17,0,A,1,US
2015,GM,GMC,C15 SIERRA 2WD,GMX,611,4.3,6,18,24,20,0,A,1,US
2015,GM,GMC,C15 SIERRA 2WD,GMX,516,5.3,8,16,23,19,0,A,1,US
2015,GM,GMC,C15 SIERRA 2WD,GMX,572,5.3,8,16,23,19,0,A,1,US
2015,GM,GMC,C15 SIERRA 2WD,GMX,644,6.2,8,15,21,17,0,A,1,US
2015,GM,Chevrolet,K15 SILVERADO 4WD,GMX,613,4.3,6,17,22,19,0,A,1,US
2015,GM,Chevrolet,K15 SILVERADO 4WD,GMX,523,5.3,8,16,22,18,0,A,1,US
2015,GM,Chevrolet,K15 SILVERADO 4WD,GMX,576,5.3,8,16,22,18,0,A,1,US
2015,GM,Chevrolet,K15 SILVERADO 4WD,GMX,647,6.2,8,15,21,17,0,A,1,US
2015,GM,GMC,K15 SIERRA 4WD,GMX,615,4.3,6,17,22,19,0,A,1,US
2015,GM,GMC,K15 SIERRA 4WD,GMX,524,5.3,8,16,22,18,0,A,1,US
2015,GM,GMC,K15 SIERRA 4WD,GMX,580,5.3,8,16,22,18,0,A,1,US
2015,GM,GMC,K15 SIERRA 4WD,GMX,650,6.2,8,15,21,17,0,A,1,US
2015,GM,Chevrolet,G2500 EXPRESS CONV 2WD CARGOMDPV,GMX,593,6,8,10,15,12,0,A,1,US
2015,GM,Chevrolet,G2500 EXPRESS CONV 2WD CARGOMDPV,GMX,621,6,8,10,15,12,0,A,1,US
2015,GM,GMC,G2500 SAVANA CONV 2WD CARGO MDPV,GMX,596,6,8,10,15,12,0,A,1,US
2015,GM,GMC,G2500 SAVANA CONV 2WD CARGO MDPV,GMX,624,6,8,10,15,12,0,A,1,US
2015,GM,Chevrolet,G2500 EXPRESS 2WD PASS MDPV,GMX,599,4.8,8,11,17,13,0,A,1,US
2015,GM,Chevrolet,G2500 EXPRESS 2WD PASS MDPV,GMX,594,6,8,11,16,13,0,A,1,US
2015,GM,Chevrolet,G2500 EXPRESS 2WD PASS MDPV,GMX,622,6,8,11,16,13,0,A,1,US
2015,GM,Chevrolet,G3500 EXPRESS 2WD PASS MDPV,GMX,600,4.8,8,11,17,13,0,A,1,US
2015,GM,Chevrolet,G3500 EXPRESS 2WD PASS MDPV,GMX,595,6,8,11,16,12,0,A,1,US
2015,GM,Chevrolet,G3500 EXPRESS 2WD PASS MDPV,GMX,623,6,8,11,16,12,0,A,1,US
2015,GM,GMC,G2500 SAVANA 2WD PASS MDPV,GMX,601,4.8,8,11,17,13,0,A,1,US
2015,GM,GMC,G2500 SAVANA 2WD PASS MDPV,GMX,597,6,8,11,16,13,0,A,1,US
2015,GM,GMC,G2500 SAVANA 2WD PASS MDPV,GMX,625,6,8,11,16,13,0,A,1,US
2015,GM,GMC,G3500 SAVANA 2WD PASS MDPV,GMX,602,4.8,8,11,17,13,0,A,1,US
2015,GM,GMC,G3500 SAVANA 2WD PASS MDPV,GMX,598,6,8,11,16,12,0,A,1,US
2015,GM,GMC,G3500 SAVANA 2WD PASS MDPV,GMX,626,6,8,11,16,12,0,A,1,US
2015,GM,Cadillac,XTS HEARSE,GMX,20,3.6,6,14,21,17,1,SA,1,US
2015,GM,Cadillac,XTS LIMO,GMX,21,3.6,6,14,21,17,1,SA,1,US
2015,GM,Chevrolet,C15 SILVERADO 2WD CAB CHASSIS,GMX,610,4.3,6,16,21,18,0,A,1,US
2015,GM,Chevrolet,C15 SILVERADO 2WD CAB CHASSIS,GMX,511,5.3,8,15,20,17,0,A,1,US
2015,GM,Chevrolet,C15 SILVERADO 2WD CAB CHASSIS,GMX,569,5.3,8,15,20,17,0,A,1,US
2015,GM,Chevrolet,COLORADO CAB CHASSIS 2WD,GMX,677,3.6,6,15,17,16,0,A,1,US
2015,GM,GMC,C15 SIERRA 2WD CAB CHASSIS,GMX,612,4.3,6,16,21,18,0,A,1,US
2015,GM,GMC,C15 SIERRA 2WD CAB CHASSIS,GMX,514,5.3,8,15,20,17,0,A,1,US
2015,GM,GMC,C15 SIERRA 2WD CAB CHASSIS,GMX,573,5.3,8,15,20,17,0,A,1,US
2015,GM,GMC,CANYON CAB CHASSIS 2WD,GMX,549,3.6,6,15,17,16,0,A,1,US
2015,GM,GMC,K15 SIERRA 4WD CAB CHASSIS,GMX,616,4.3,6,16,20,18,0,A,1,US
2015,GM,GMC,K15 SIERRA 4WD CAB CHASSIS,GMX,522,5.3,8,15,19,17,0,A,1,US
2015,GM,GMC,K15 SIERRA 4WD CAB CHASSIS,GMX,581,5.3,8,15,19,17,0,A,1,US
2015,GM,Buick,ENCORE,GMX,91,1.4,4,25,33,28,0,SA,1,US
2015,GM,Chevrolet,CAPTIVA FWD,GMX,102,2.4,4,20,28,23,0,A,1,US
2015,GM,Chevrolet,EQUINOX FWD,GMX,101,2.4,4,22,32,26,0,A,1,US
2015,GM,Chevrolet,EQUINOX FWD,GMX,116,2.4,4,22,32,26,0,A,1,US
2015,GM,Chevrolet,EQUINOX FWD,GMX,112,3.6,6,17,24,20,0,A,1,US
2015,GM,Chevrolet,TRAX,GMX,92,1.4,4,26,34,29,0,SA,1,US
2015,GM,GMC,TERRAIN FWD,GMX,103,2.4,4,22,32,26,0,A,1,US
2015,GM,GMC,TERRAIN FWD,GMX,117,2.4,4,22,32,26,0,A,1,US
2015,GM,GMC,TERRAIN FWD,GMX,113,3.6,6,17,24,20,0,A,1,US
2015,GM,Buick,ENCORE AWD,GMX,588,1.4,4,23,30,26,0,SA,1,US
2015,GM,Chevrolet,EQUINOX AWD,GMX,556,2.4,4,20,29,23,0,A,1,US
2015,GM,Chevrolet,EQUINOX AWD,GMX,555,2.4,4,20,29,23,0,A,1,US
2015,GM,Chevrolet,EQUINOX AWD,GMX,114,3.6,6,16,23,19,0,A,1,US
2015,GM,Chevrolet,TRAX AWD,GMX,97,1.4,4,24,31,27,0,SA,1,US
2015,GM,GMC,TERRAIN AWD,GMX,557,2.4,4,20,29,23,0,A,1,US
2015,GM,GMC,TERRAIN AWD,GMX,115,3.6,6,16,23,19,0,A,1,US
2015,GM,Buick,ENCLAVE FWD,GMX,582,3.6,6,17,24,19,0,A,1,US
2015,GM,Cadillac,ESCALADE 2WD,GMX,505,6.2,8,15,21,17,0,A,1,US
2015,GM,Cadillac,ESCALADE 2WD,GMX,696,6.2,8,15,22,17,0,A,1,US
2015,GM,Cadillac,ESCALADE ESV 2WD,GMX,506,6.2,8,15,21,17,0,A,1,US
2015,GM,Cadillac,ESCALADE ESV 2WD,GMX,697,6.2,8,15,22,17,0,A,1,US
2015,GM,Cadillac,SRX,GMX,14,3.6,6,17,24,19,0,SA,1,US
2015,GM,Chevrolet,C1500 SUBURBAN 2WD,GMX,510,5.3,8,16,23,18,0,A,1,US
2015,GM,Chevrolet,C1500 SUBURBAN 2WD,GMX,567,5.3,8,16,23,18,0,A,1,US
2015,GM,Chevrolet,C1500 TAHOE 2WD,GMX,509,5.3,8,16,23,18,0,A,1,US
2015,GM,Chevrolet,C1500 TAHOE 2WD,GMX,566,5.3,8,16,23,18,0,A,1,US
2015,GM,Chevrolet,TRAVERSE FWD,GMX,583,3.6,6,17,24,19,0,A,1,US
2015,GM,GMC,ACADIA FWD,GMX,584,3.6,6,17,24,19,0,A,1,US
2015,GM,GMC,C1500 YUKON 2WD,GMX,512,5.3,8,16,23,18,0,A,1,US
2015,GM,GMC,C1500 YUKON 2WD,GMX,570,5.3,8,16,23,18,0,A,1,US
2015,GM,GMC,C1500 YUKON 2WD,GMX,507,6.2,8,15,21,17,0,A,1,US
2015,GM,GMC,C1500 YUKON 2WD,GMX,699,6.2,8,15,22,17,0,A,1,US
2015,GM,GMC,C1500 YUKON XL 2WD,GMX,513,5.3,8,16,23,18,0,A,1,US
2015,GM,GMC,C1500 YUKON XL 2WD,GMX,571,5.3,8,16,23,18,0,A,1,US
2015,GM,GMC,C1500 YUKON XL 2WD,GMX,508,6.2,8,15,21,17,0,A,1,US
2015,GM,GMC,C1500 YUKON XL 2WD,GMX,700,6.2,8,15,22,17,0,A,1,US
2015,GM,Buick,ENCLAVE AWD,GMX,585,3.6,6,16,22,18,0,A,1,US
2015,GM,Cadillac,ESCALADE 4WD,GMX,501,6.2,8,14,21,16,0,A,1,US
2015,GM,Cadillac,ESCALADE 4WD,GMX,645,6.2,8,15,21,17,0,A,1,US
2015,GM,Cadillac,ESCALADE ESV 4WD,GMX,502,6.2,8,14,20,16,0,A,1,US
2015,GM,Cadillac,ESCALADE ESV 4WD,GMX,646,6.2,8,14,20,16,0,A,1,US
2015,GM,Cadillac,SRX AWD,GMX,151,3.6,6,16,23,18,0,SA,1,US
2015,GM,Chevrolet,K15 SILVERADO 4WD CAB CHASSIS,GMX,614,4.3,6,16,20,18,0,A,1,US
2015,GM,Chevrolet,K15 SILVERADO 4WD CAB CHASSIS,GMX,519,5.3,8,15,19,17,0,A,1,US
2015,GM,Chevrolet,K15 SILVERADO 4WD CAB CHASSIS,GMX,577,5.3,8,15,19,17,0,A,1,US
2015,GM,Chevrolet,K1500 SUBURBAN 4WD,GMX,518,5.3,8,15,22,18,0,A,1,US
2015,GM,Chevrolet,K1500 SUBURBAN 4WD,GMX,575,5.3,8,15,22,18,0,A,1,US
2015,GM,Chevrolet,K1500 TAHOE 4WD,GMX,517,5.3,8,16,22,18,0,A,1,US
2015,GM,Chevrolet,K1500 TAHOE 4WD,GMX,574,5.3,8,16,22,18,0,A,1,US
2015,GM,Chevrolet,TRAVERSE AWD,GMX,586,3.6,6,16,23,19,0,A,1,US
2015,GM,GMC,ACADIA AWD,GMX,587,3.6,6,16,23,19,0,A,1,US
2015,GM,GMC,K1500 YUKON 4WD,GMX,521,5.3,8,16,22,18,0,A,1,US
2015,GM,GMC,K1500 YUKON 4WD,GMX,579,5.3,8,16,22,18,0,A,1,US
2015,GM,GMC,K1500 YUKON 4WD,GMX,504,6.2,8,14,21,16,0,A,1,US
2015,GM,GMC,K1500 YUKON 4WD,GMX,649,6.2,8,15,21,17,0,A,1,US
2015,GM,GMC,K1500 YUKON XL 4WD,GMX,520,5.3,8,15,22,18,0,A,1,US
2015,GM,GMC,K1500 YUKON XL 4WD,GMX,578,5.3,8,15,22,18,0,A,1,US
2015,GM,GMC,K1500 YUKON XL 4WD,GMX,503,6.2,8,14,20,16,0,A,1,US
2015,GM,GMC,K1500 YUKON XL 4WD,GMX,648,6.2,8,14,20,16,0,A,1,US
2015,Honda,Honda,CR-Z,HNX,34,1.5,4,36,39,37,0,SCV,1,International
2015,Honda,Honda,CR-Z,HNX,35,1.5,4,31,38,34,0,M,0,International
2015,Honda,Acura,ILX,HNX,11,2,4,24,35,28,0,SA,1,International
2015,Honda,Acura,ILX,HNX,12,2.4,4,22,31,25,0,M,0,International
2015,Honda,Acura,TLX,HNX,18,2.4,4,24,35,28,0,AM,1,International
2015,Honda,Acura,TLX,HNX,19,3.5,6,21,34,25,0,SA,1,International
2015,Honda,Acura,TLX AWD,HNX,20,3.5,6,21,31,25,0,SA,1,International
2015,Honda,Honda,CIVIC,HNX,26,1.8,4,30,39,33,0,CVT,1,International
2015,Honda,Honda,CIVIC,HNX,27,1.8,4,29,38,33,0,SCV,1,International
2015,Honda,Honda,CIVIC,HNX,28,1.8,4,28,36,31,0,M,0,International
2015,Honda,Honda,CIVIC,HNX,30,2.4,4,22,31,25,0,M,0,International
2015,Honda,Honda,CIVIC HF,HNX,29,1.8,4,31,41,35,0,CVT,1,International
2015,Honda,Honda,CIVIC HYBRID,HNX,25,1.5,4,44,47,45,0,CVT,1,International
2015,Honda,Acura,RLX,HNX,10,3.5,6,20,31,24,0,SA,1,International
2015,Honda,Honda,ACCORD,HNX,24,2,4,50,45,47,0,CVT,1,International
2015,Honda,Honda,ACCORD,HNX,22,2.4,4,27,36,31,0,CVT,1,International
2015,Honda,Honda,ACCORD,HNX,23,2.4,4,26,35,29,0,SCV,1,International
2015,Honda,Honda,ACCORD,HNX,21,2.4,4,24,34,27,0,M,0,International
2015,Honda,Honda,ACCORD,HNX,15,3.5,6,21,34,26,0,A,1,International
2015,Honda,Honda,ACCORD,HNX,16,3.5,6,21,32,25,0,SA,1,International
2015,Honda,Honda,ACCORD,HNX,14,3.5,6,18,28,22,0,M,0,International
2015,Honda,Honda,FIT,HNX,3,1.5,4,33,41,36,0,CVT,1,International
2015,Honda,Honda,FIT,HNX,1,1.5,4,32,38,35,0,SCV,1,International
2015,Honda,Honda,FIT,HNX,2,1.5,4,29,37,32,0,M,0,International
2015,Honda,Honda,ODYSSEY 2WD,HNX,17,3.5,6,19,28,22,0,A,1,International
2015,Honda,Acura,MDX 2WD,HNX,8,3.5,6,20,28,23,0,SA,1,International
2015,Honda,Acura,RDX 2WD,HNX,4,3.5,6,20,28,23,0,SA,1,International
2015,Honda,Honda,CROSSTOUR 2WD,HNX,31,2.4,4,22,31,25,0,A,1,International
2015,Honda,Honda,CROSSTOUR 2WD,HNX,32,3.5,6,20,30,23,0,SA,1,International
2015,Honda,Honda,CR-V 2WD,HNX,37,2.4,4,27,34,29,0,CVT,1,International
2015,Honda,Honda,PILOT 2WD,HNX,6,3.5,6,18,25,21,0,A,1,International
2015,Honda,Acura,MDX 4WD,HNX,9,3.5,6,18,27,21,0,SA,1,International
2015,Honda,Acura,RDX 4WD,HNX,5,3.5,6,19,27,22,0,SA,1,International
2015,Honda,Honda,CROSSTOUR 4WD,HNX,33,3.5,6,19,28,22,0,SA,1,International
2015,Honda,Honda,CR-V 4WD,HNX,38,2.4,4,26,33,28,0,CVT,1,International
2015,Honda,Honda,PILOT 4WD,HNX,7,3.5,6,17,24,20,0,A,1,International
2015,Hyundai,HYUNDAI MOTOR COMPANY,Genesis Coupe,HYX,11,3.8,6,16,25,19,0,SA,1,International
2015,Hyundai,HYUNDAI MOTOR COMPANY,Genesis Coupe,HYX,12,3.8,6,16,24,19,0,M,0,International
2015,Hyundai,HYUNDAI MOTOR COMPANY,Accent,HYX,39,1.6,4,26,37,30,0,SA,1,International
2015,Hyundai,HYUNDAI MOTOR COMPANY,Accent,HYX,40,1.6,4,27,38,31,0,M,0,International
2015,Hyundai,HYUNDAI MOTOR COMPANY,Veloster,HYX,21,1.6,4,27,36,30,0,AM,1,International
2015,Hyundai,HYUNDAI MOTOR COMPANY,Veloster,HYX,23,1.6,4,24,31,27,0,SA,1,International
2015,Hyundai,HYUNDAI MOTOR COMPANY,Veloster,HYX,22,1.6,4,26,35,30,0,M,0,International
2015,Hyundai,HYUNDAI MOTOR COMPANY,Veloster,HYX,24,1.6,4,24,33,28,0,M,0,International
2015,Hyundai,HYUNDAI MOTOR COMPANY,Elantra,HYX,14,1.8,4,28,38,32,0,SA,1,International
2015,Hyundai,HYUNDAI MOTOR COMPANY,Elantra,HYX,16,1.8,4,27,37,31,0,M,0,International
2015,Hyundai,HYUNDAI MOTOR COMPANY,Elantra,HYX,17,2,4,24,35,28,0,SA,1,International
2015,Hyundai,HYUNDAI MOTOR COMPANY,Elantra,HYX,18,2,4,24,34,28,0,M,0,International
2015,Hyundai,HYUNDAI MOTOR COMPANY,Elantra Coupe,HYX,37,2,4,24,34,28,0,SA,1,International
2015,Hyundai,HYUNDAI MOTOR COMPANY,Elantra Coupe,HYX,38,2,4,24,34,27,0,M,0,International
2015,Hyundai,HYUNDAI MOTOR COMPANY,Elantra Limited,HYX,15,1.8,4,27,37,31,0,SA,1,International
2015,Hyundai,HYUNDAI MOTOR COMPANY,Sonata HYBRID,HYX,19,2.4,4,36,40,38,0,AM,1,International
2015,Hyundai,HYUNDAI MOTOR COMPANY,Sonata HYBRID LIMITED,HYX,20,2.4,4,36,40,37,0,AM,1,International
2015,Hyundai,HYUNDAI MOTOR COMPANY,Equus,HYX,5,5,8,15,23,18,0,A,1,International
2015,Hyundai,HYUNDAI MOTOR COMPANY,Genesis AWD,HYX,3,3.8,6,16,25,19,0,A,1,International
2015,Hyundai,HYUNDAI MOTOR COMPANY,Genesis RWD,HYX,2,3.8,6,18,29,22,0,A,1,International
2015,Hyundai,HYUNDAI MOTOR COMPANY,Genesis RWD,HYX,4,5,8,15,23,18,0,A,1,International
2015,Hyundai,HYUNDAI MOTOR COMPANY,Sonata,HYX,26,1.6,4,28,38,32,0,AM,1,International
2015,Hyundai,HYUNDAI MOTOR COMPANY,Sonata,HYX,25,2,4,23,32,26,0,SA,1,International
2015,Hyundai,HYUNDAI MOTOR COMPANY,Sonata,HYX,6,2.4,4,25,37,29,0,SA,1,International
2015,Hyundai,HYUNDAI MOTOR COMPANY,Sonata SPORT/LIMITED,HYX,13,2.4,4,24,35,28,0,SA,1,International
2015,Hyundai,HYUNDAI MOTOR COMPANY,Santa Fe FWD,HYX,34,3.3,6,18,25,21,0,SA,1,International
2015,Hyundai,HYUNDAI MOTOR COMPANY,Santa Fe Sport FWD,HYX,31,2,4,19,27,22,0,SA,1,International
2015,Hyundai,HYUNDAI MOTOR COMPANY,Santa Fe Sport FWD,HYX,29,2.4,4,20,27,23,0,SA,1,International
2015,Hyundai,HYUNDAI MOTOR COMPANY,Santa Fe Sport ULTIMATE FWD,HYX,32,2,4,19,26,22,0,SA,1,International
2015,Hyundai,HYUNDAI MOTOR COMPANY,Santa Fe ULTIMATE FWD,HYX,36,3.3,6,17,23,20,0,SA,1,International
2015,Hyundai,HYUNDAI MOTOR COMPANY,Tucson FWD,HYX,10,2,4,23,29,25,0,A,1,International
2015,Hyundai,HYUNDAI MOTOR COMPANY,Tucson FWD,HYX,8,2.4,4,21,28,24,0,A,1,International
2015,Hyundai,HYUNDAI MOTOR COMPANY,Santa Fe AWD,HYX,33,3.3,6,18,24,20,0,SA,1,International
2015,Hyundai,HYUNDAI MOTOR COMPANY,Santa Fe Sport AWD,HYX,30,2,4,18,24,21,0,SA,1,International
2015,Hyundai,HYUNDAI MOTOR COMPANY,Santa Fe Sport AWD,HYX,28,2.4,4,19,25,21,0,SA,1,International
2015,Hyundai,HYUNDAI MOTOR COMPANY,Santa Fe ULTIMATE AWD,HYX,35,3.3,6,17,22,19,0,SA,1,International
2015,Hyundai,HYUNDAI MOTOR COMPANY,Tucson AWD,HYX,9,2,4,21,25,23,0,A,1,International
2015,Hyundai,HYUNDAI MOTOR COMPANY,Tucson AWD,HYX,7,2.4,4,20,25,22,0,A,1,International
2015,JaguarLR,Jaguar,F-TYPE Convertible,JLX,154,3,6,20,28,23,0,SA,1,International
2015,JaguarLR,Jaguar,F-TYPE Coupe,JLX,155,3,6,20,28,23,0,SA,1,International
2015,JaguarLR,Jaguar,F-TYPE R Coupe,JLX,153,5,8,16,23,18,0,SA,1,International
2015,JaguarLR,Jaguar,F-TYPE S Convertible,JLX,156,3,6,19,27,22,0,SA,1,International
2015,JaguarLR,Jaguar,F-TYPE S Coupe,JLX,157,3,6,19,27,22,0,SA,1,International
2015,JaguarLR,Jaguar,F-TYPE V8 S Convertible,JLX,152,5,8,16,23,18,0,SA,1,International
2015,JaguarLR,Jaguar,XK,JLX,101,5,8,16,24,19,0,SA,1,International
2015,JaguarLR,Jaguar,XK,JLX,103,5,8,15,22,18,0,SA,1,International
2015,JaguarLR,Jaguar,XK Convertible,JLX,102,5,8,16,22,18,0,SA,1,International
2015,JaguarLR,Jaguar,XK Convertible,JLX,104,5,8,15,22,17,0,SA,1,International
2015,JaguarLR,Jaguar,XF,JLX,254,2,4,19,30,23,0,SA,1,International
2015,JaguarLR,Jaguar,XF,JLX,252,3,6,18,28,22,0,SA,1,International
2015,JaguarLR,Jaguar,XF,JLX,251,5,8,15,23,18,0,SA,1,International
2015,JaguarLR,Jaguar,XF AWD,JLX,253,3,6,17,27,20,0,SA,1,International
2015,JaguarLR,Jaguar,XF FFV,JLX,255,5,8,15,23,18,0,SA,1,International
2015,JaguarLR,Jaguar,XJ,JLX,352,5,8,15,23,18,0,SA,1,International
2015,JaguarLR,Jaguar,XJ AWD,JLX,355,3,6,16,24,19,0,SA,1,International
2015,JaguarLR,Jaguar,XJ FFV,JLX,360,3,6,18,27,21,0,SA,1,International
2015,JaguarLR,Jaguar,XJ FFV,JLX,358,5,8,15,23,18,0,SA,1,International
2015,JaguarLR,Jaguar,XJL,JLX,353,5,8,15,23,18,0,SA,1,International
2015,JaguarLR,Jaguar,XJL AWD,JLX,356,3,6,16,24,19,0,SA,1,International
2015,JaguarLR,Jaguar,XJL FFV,JLX,361,3,6,17,27,20,0,SA,1,International
2015,JaguarLR,Jaguar,XJL FFV,JLX,359,5,8,15,23,18,0,SA,1,International
2015,JaguarLR,Land Rover,LR2,JLX,10,2,4,17,24,20,0,SA,1,International
2015,JaguarLR,Land Rover,Range Rover Evoque,JLX,70,2,4,21,30,24,0,SA,1,International
2015,JaguarLR,Land Rover,Land Rover LR4,JLX,60,3,6,15,19,16,0,SA,1,International
2015,JaguarLR,Land Rover,Range Rover FFV,JLX,22,5,8,14,19,16,0,SA,1,International
2015,JaguarLR,Land Rover,Range Rover L FFV,JLX,23,5,8,14,19,16,0,SA,1,International
2015,JaguarLR,Land Rover,Range Rover Sport,JLX,40,5,8,14,19,16,0,SA,1,International
2015,JaguarLR,Land Rover,Range Rover Sport FFV,JLX,41,5,8,14,19,16,0,SA,1,International
2015,Kia,KIA MOTORS CORPORATION,Forte Koup,KMX,21,1.6,4,22,30,25,0,SA,1,International
2015,Kia,KIA MOTORS CORPORATION,Forte Koup,KMX,22,1.6,4,22,29,25,0,M,0,International
2015,Kia,KIA MOTORS CORPORATION,Forte Koup,KMX,19,2,4,25,34,28,0,SA,1,International
2015,Kia,KIA MOTORS CORPORATION,Forte Koup,KMX,20,2,4,24,33,27,0,M,0,International
2015,Kia,KIA MOTORS CORPORATION,Rio,KMX,24,1.6,4,27,37,31,0,SA,1,International
2015,Kia,KIA MOTORS CORPORATION,Rio,KMX,25,1.6,4,27,37,31,0,M,0,International
2015,Kia,KIA MOTORS CORPORATION,Rio ECO,KMX,23,1.6,4,28,37,31,0,SA,1,International
2015,Kia,KIA MOTORS CORPORATION,Forte,KMX,13,1.8,4,26,39,31,0,SA,1,International
2015,Kia,KIA MOTORS CORPORATION,Forte,KMX,14,1.8,4,25,37,30,0,M,0,International
2015,Kia,KIA MOTORS CORPORATION,Forte,KMX,15,2,4,25,36,29,0,SA,1,International
2015,Kia,KIA MOTORS CORPORATION,OPTIMA,KMX,8,2,4,20,31,24,0,SA,1,International
2015,Kia,KIA MOTORS CORPORATION,OPTIMA,KMX,9,2.4,4,23,34,27,0,SA,1,International
2015,Kia,KIA MOTORS CORPORATION,Optima HYBRID,KMX,11,2.4,4,36,40,38,0,AM,1,International
2015,Kia,KIA MOTORS CORPORATION,Optima HYBRID EX,KMX,12,2.4,4,35,39,37,0,AM,1,International
2015,Kia,KIA MOTORS CORPORATION,Cadenza,KMX,7,3.3,6,19,28,22,0,A,1,International
2015,Kia,KIA MOTORS CORPORATION,Forte 5,KMX,17,1.6,4,21,29,24,0,SA,1,International
2015,Kia,KIA MOTORS CORPORATION,Forte 5,KMX,18,1.6,4,21,29,24,0,M,0,International
2015,Kia,KIA MOTORS CORPORATION,Forte 5,KMX,16,2,4,25,33,28,0,SA,1,International
2015,Kia,KIA MOTORS CORPORATION,K900,KMX,5,3.8,6,18,27,21,0,A,1,International
2015,Kia,KIA MOTORS CORPORATION,K900,KMX,6,5,8,15,23,18,0,A,1,International
2015,Kia,KIA MOTORS CORPORATION,Soul,KMX,26,1.6,4,24,30,26,0,SA,1,International
2015,Kia,KIA MOTORS CORPORATION,Soul,KMX,27,1.6,4,24,30,26,0,M,0,International
2015,Kia,KIA MOTORS CORPORATION,Soul,KMX,29,2,4,23,31,26,0,SA,1,International
2015,Kia,KIA MOTORS CORPORATION,Soul ECO dynamics,KMX,28,2,4,24,31,27,0,SA,1,International
2015,Kia,KIA MOTORS CORPORATION,Sedona,KMX,35,3.3,6,18,24,20,0,SA,1,International
2015,Kia,KIA MOTORS CORPORATION,Sedona SX,KMX,36,3.3,6,18,25,21,0,SA,1,International
2015,Kia,KIA MOTORS CORPORATION,Sedona SXL,KMX,37,3.3,6,17,22,19,0,SA,1,International
2015,Kia,KIA MOTORS CORPORATION,Sorento FWD,KMX,4,2.4,4,20,27,23,0,A,1,International
2015,Kia,KIA MOTORS CORPORATION,Sorento FWD,KMX,2,3.3,6,18,25,21,0,A,1,International
2015,Kia,KIA MOTORS CORPORATION,Sportage FWD,KMX,33,2,4,20,26,23,0,A,1,International
2015,Kia,KIA MOTORS CORPORATION,Sportage FWD,KMX,31,2.4,4,21,28,24,0,A,1,International
2015,Kia,KIA MOTORS CORPORATION,Sorento AWD,KMX,3,2.4,4,19,25,22,0,A,1,International
2015,Kia,KIA MOTORS CORPORATION,Sorento AWD,KMX,1,3.3,6,18,24,20,0,A,1,International
2015,Kia,KIA MOTORS CORPORATION,Sportage AWD,KMX,32,2,4,19,24,21,0,A,1,International
2015,Kia,KIA MOTORS CORPORATION,Sportage AWD,KMX,30,2.4,4,19,26,22,0,A,1,International
2015,MAZDA,MAZDA,MX-5,TKX,11,2,4,21,28,23,0,SA,1,International
2015,MAZDA,MAZDA,MX-5,TKX,9,2,4,22,28,25,0,M,0,International
2015,MAZDA,MAZDA,MX-5,TKX,10,2,4,21,28,24,0,M,0,International
2015,MAZDA,MAZDA,MAZDA3 4-Door,TKX,13,2,4,30,41,34,0,SA,1,International
2015,MAZDA,MAZDA,MAZDA3 4-Door,TKX,12,2,4,29,41,33,0,M,0,International
2015,MAZDA,MAZDA,MAZDA3 4-Door,TKX,16,2.5,4,28,39,32,0,SA,1,International
2015,MAZDA,MAZDA,MAZDA3 4-Door,TKX,17,2.5,4,29,40,33,0,SA,1,International
2015,MAZDA,MAZDA,MAZDA3 4-Door,TKX,20,2.5,4,25,37,29,0,M,0,International
2015,MAZDA,MAZDA,MAZDA 6,TKX,2,2.5,4,26,38,30,0,SA,1,International
2015,MAZDA,MAZDA,MAZDA 6,TKX,3,2.5,4,28,40,32,0,SA,1,International
2015,MAZDA,MAZDA,MAZDA 6,TKX,1,2.5,4,25,37,29,0,M,0,International
2015,MAZDA,MAZDA,MAZDA3 5-Door,TKX,15,2,4,30,40,33,0,SA,1,International
2015,MAZDA,MAZDA,MAZDA3 5-Door,TKX,14,2,4,29,40,33,0,M,0,International
2015,MAZDA,MAZDA,MAZDA3 5-Door,TKX,18,2.5,4,27,37,31,0,SA,1,International
2015,MAZDA,MAZDA,MAZDA3 5-Door,TKX,19,2.5,4,28,39,32,0,SA,1,International
2015,MAZDA,MAZDA,MAZDA3 5-Door,TKX,21,2.5,4,26,35,29,0,M,0,International
2015,MAZDA,MAZDA,MAZDA 5,TKX,24,2.5,4,21,28,24,0,SA,1,International
2015,MAZDA,MAZDA,CX-5 2WD,TKX,5,2,4,26,32,29,0,SA,1,International
2015,MAZDA,MAZDA,CX-5 2WD,TKX,4,2,4,26,35,29,0,M,0,International
2015,MAZDA,MAZDA,CX-5 2WD,TKX,7,2.5,4,25,32,27,0,SA,1,International
2015,MAZDA,MAZDA,CX-9 2WD,TKX,22,3.7,6,17,24,19,0,SA,1,International
2015,MAZDA,MAZDA,CX-5 4WD,TKX,6,2,4,25,31,28,0,SA,1,International
2015,MAZDA,MAZDA,CX-5 4WD,TKX,8,2.5,4,24,30,26,0,SA,1,International
2015,MAZDA,MAZDA,CX-9 4WD,TKX,23,3.7,6,16,22,18,0,SA,1,International
2015,Mercedes-Benz,Mercedes-Benz,SL 400,MBX,223,3,8,20,27,23,0,A,1,International
2015,Mercedes-Benz,Mercedes-Benz,SL 550,MBX,222,4.7,8,17,24,20,0,A,1,International
2015,Mercedes-Benz,Mercedes-Benz,SL 63 AMG,MBX,226,5.5,8,16,25,19,0,A,1,International
2015,Mercedes-Benz,Mercedes-Benz,SL 65 AMG,MBX,228,6,12,14,21,17,1,A,1,International
2015,Mercedes-Benz,Mercedes-Benz,SLK 250,MBX,232,1.8,4,23,33,26,0,A,1,International
2015,Mercedes-Benz,Mercedes-Benz,SLK 250,MBX,233,1.8,4,22,32,26,0,M,0,International
2015,Mercedes-Benz,Mercedes-Benz,SLK 350,MBX,236,3.5,6,21,29,24,0,A,1,International
2015,Mercedes-Benz,Mercedes-Benz,SLK 55 AMG,MBX,238,5.5,8,19,28,22,0,A,1,International
2015,Mercedes-Benz,Mercedes-Benz,SLS AMG GT Coupe,MBX,273,6.2,8,13,19,15,1,AM,1,International
2015,Mercedes-Benz,Mercedes-Benz,SLS AMG GT Roadster,MBX,274,6.2,8,13,19,15,1,AM,1,International
2015,Mercedes-Benz,Mercedes-Benz,Smart fortwo (Convertible),MBX,703,1,3,34,38,36,0,AM,1,International
2015,Mercedes-Benz,Mercedes-Benz,Smart fortwo (COUPE),MBX,702,1,3,34,38,36,0,AM,1,International
2015,Mercedes-Benz,Mercedes-Benz,C 250 (Coupe),MBX,102,1.8,4,22,31,25,0,A,1,International
2015,Mercedes-Benz,Mercedes-Benz,C 350 (Coupe),MBX,112,3.5,6,20,28,23,0,A,1,International
2015,Mercedes-Benz,Mercedes-Benz,C 350 4MATIC (Coupe),MBX,111,3.5,6,19,27,22,0,A,1,International
2015,Mercedes-Benz,Mercedes-Benz,C 63 AMG Coupe,MBX,109,6.2,8,13,19,15,1,A,1,International
2015,Mercedes-Benz,Mercedes-Benz,E 350 (convertible),MBX,141,3.5,6,20,28,23,0,A,1,International
2015,Mercedes-Benz,Mercedes-Benz,E 350 (coupe),MBX,131,3.5,6,19,28,22,0,A,1,International
2015,Mercedes-Benz,Mercedes-Benz,E 550 (convertible),MBX,142,4.7,8,17,26,20,0,A,1,International
2015,Mercedes-Benz,Mercedes-Benz,E 550 (coupe),MBX,132,4.7,8,18,26,21,0,A,1,International
2015,Mercedes-Benz,Mercedes-Benz,C 300 4MATIC,MBX,106,2,4,24,31,27,0,A,1,International
2015,Mercedes-Benz,Mercedes-Benz,C 400 4MATIC,MBX,105,3,8,21,29,24,0,A,1,International
2015,Mercedes-Benz,Mercedes-Benz,CLS 63 AMG S 4MATIC,MBX,329,5.5,8,16,22,18,0,A,1,International
2015,Mercedes-Benz,Mercedes-Benz,S 550 4MATIC (coupe),MBX,213,4.7,8,16,24,19,0,A,1,International
2015,Mercedes-Benz,Mercedes-Benz,S 63 AMG 4MATIC (coupe),MBX,215,5.5,8,15,23,18,0,A,1,International
2015,Mercedes-Benz,Mercedes-Benz,E 250 BLUETEC,MBX,304,2.1,4,28,42,33,0,A,1,International
2015,Mercedes-Benz,Mercedes-Benz,E 250 BLUETEC 4MATIC,MBX,305,2.1,4,27,38,31,0,A,1,International
2015,Mercedes-Benz,Mercedes-Benz,E 350,MBX,301,3.5,6,20,29,23,0,A,1,International
2015,Mercedes-Benz,Mercedes-Benz,E 350,MBX,80,3.5,6,20,29,23,0,A,1,International
2015,Mercedes-Benz,Mercedes-Benz,E 350 4MATIC,MBX,306,3.5,6,20,28,23,0,A,1,International
2015,Mercedes-Benz,Mercedes-Benz,E 350 4MATIC,MBX,81,3.5,6,20,28,23,0,A,1,International
2015,Mercedes-Benz,Mercedes-Benz,E 400,MBX,302,3,8,20,29,23,0,A,1,International
2015,Mercedes-Benz,Mercedes-Benz,E 400 4MATIC,MBX,303,3,8,20,28,23,0,A,1,International
2015,Mercedes-Benz,Mercedes-Benz,E 63 AMG 4MATIC,MBX,324,5.5,8,16,23,19,0,A,1,International
2015,Mercedes-Benz,Mercedes-Benz,E 63 AMG S 4MATIC,MBX,325,5.5,8,15,22,18,0,A,1,International
2015,Mercedes-Benz,Mercedes-Benz,S 550,MBX,202,4.7,8,17,26,20,0,A,1,International
2015,Mercedes-Benz,Mercedes-Benz,S 550 4MATIC,MBX,207,4.7,8,16,26,19,0,A,1,International
2015,Mercedes-Benz,Mercedes-Benz,S 600,MBX,204,6,12,13,21,15,1,A,1,International
2015,Mercedes-Benz,Mercedes-Benz,S 65 AMG,MBX,208,6,12,13,20,15,1,A,1,International
2015,Mercedes-Benz,Mercedes-Benz,E 350 4Matic (Wagon),MBX,316,3.5,6,20,27,22,0,A,1,International
2015,Mercedes-Benz,Mercedes-Benz,E 400 4MATIC (Wagon),MBX,317,3,8,19,27,22,0,A,1,International
2015,Mercedes-Benz,Mercedes-Benz,E 63 AMG S 4MATIC (stat. wagon),MBX,326,5.5,8,15,21,18,0,A,1,International
2015,Mercedes-Benz,Mercedes-Benz,GLA 45 AMG 4MATIC,MBX,245,2,4,23,29,25,0,AM,1,International
2015,Mercedes-Benz,Mercedes-Benz,GLK 350,MBX,86,3.5,6,19,26,22,0,A,1,International
2015,Mercedes-Benz,Mercedes-Benz,GLK 350,MBX,802,3.5,6,19,25,21,0,A,1,International
2015,Mercedes-Benz,Mercedes-Benz,GLA 250 4MATIC,MBX,505,2,4,24,32,27,0,AM,1,International
2015,Mercedes-Benz,Mercedes-Benz,GLA 250 4MATIC,MBX,35,2,4,24,32,27,0,AM,1,International
2015,Mercedes-Benz,Mercedes-Benz,GLK 250 BLUETEC 4MATIC,MBX,803,2.1,4,24,33,28,0,A,1,International
2015,Mercedes-Benz,Mercedes-Benz,GLK 350 4MATIC,MBX,84,3.5,6,18,24,20,0,A,1,International
2015,Mercedes-Benz,Mercedes-Benz,GLK 350 4MATIC,MBX,804,3.5,6,18,25,21,0,A,1,International
2015,Mercedes-Benz,Mercedes-Benz,ML 350,MBX,401,3.5,6,18,24,20,0,A,1,International
2015,Mercedes-Benz,Mercedes-Benz,G 550,MBX,435,5.5,8,12,15,13,0,A,1,International
2015,Mercedes-Benz,Mercedes-Benz,G 63 AMG,MBX,440,5.5,8,12,14,13,0,A,1,International
2015,Mercedes-Benz,Mercedes-Benz,GL 350 BLUETEC 4MATIC,MBX,422,3,6,19,26,22,0,A,1,International
2015,Mercedes-Benz,Mercedes-Benz,GL 450 4MATIC,MBX,421,3,6,17,21,19,0,A,1,International
2015,Mercedes-Benz,Mercedes-Benz,GL 550 4MATIC,MBX,423,4.7,8,13,18,15,0,A,1,International
2015,Mercedes-Benz,Mercedes-Benz,GL 63 AMG,MBX,424,5.5,8,13,17,14,0,A,1,International
2015,Mercedes-Benz,Mercedes-Benz,ML 350 4MATIC,MBX,821,3.5,6,17,22,19,0,A,1,International
2015,Mercedes-Benz,Mercedes-Benz,ML 350 4MATIC,MBX,402,3.5,6,17,22,19,0,A,1,International
2015,Mercedes-Benz,Mercedes-Benz,ML 400 4MATIC,MBX,408,3,6,18,22,20,0,A,1,International
2015,Mercedes-Benz,Mercedes-Benz,ML 63 AMG,MBX,406,5.5,8,13,17,15,0,A,1,International
2015,Nissan,NISSAN,370Z,NSX,56,3.7,6,19,26,21,0,SA,1,International
2015,Nissan,NISSAN,370Z,NSX,57,3.7,6,18,26,21,0,M,0,International
2015,Nissan,NISSAN,370Z Roadster,NSX,58,3.7,6,18,25,21,0,SA,1,International
2015,Nissan,NISSAN,370Z Roadster,NSX,59,3.7,6,17,24,20,0,M,0,International
2015,Nissan,INFINITI,Q60,NSX,73,3.7,6,19,27,22,0,SA,1,International
2015,Nissan,INFINITI,Q60,NSX,72,3.7,6,17,25,20,0,M,0,International
2015,Nissan,INFINITI,Q60 AWD,NSX,74,3.7,6,18,25,20,0,SA,1,International
2015,Nissan,INFINITI,Q60 Convertible,NSX,54,3.7,6,18,26,20,0,SA,1,International
2015,Nissan,INFINITI,Q60 Convertible,NSX,55,3.7,6,16,24,19,0,M,0,International
2015,Nissan,NISSAN,GT-R,NSX,71,3.8,6,16,23,19,0,AM,1,International
2015,Nissan,INFINITI,Q50 HYBRID,NSX,142,3.5,6,29,36,31,0,SA,1,International
2015,Nissan,INFINITI,Q50 HYBRID AWD,NSX,144,3.5,6,28,35,30,0,SA,1,International
2015,Nissan,INFINITI,Q50S HYBRID,NSX,143,3.5,6,28,34,30,0,SA,1,International
2015,Nissan,INFINITI,Q50S HYBRID AWD,NSX,145,3.5,6,27,31,28,0,SA,1,International
2015,Nissan,NISSAN,VERSA,NSX,103,1.6,4,26,35,30,0,A,1,International
2015,Nissan,NISSAN,VERSA,NSX,101,1.6,4,31,40,35,0,CVT,1,International
2015,Nissan,NISSAN,VERSA,NSX,102,1.6,4,27,36,30,0,M,0,International
2015,Nissan,INFINITI,Q40,NSX,51,3.7,6,19,27,22,0,SA,1,International
2015,Nissan,INFINITI,Q40 AWD,NSX,53,3.7,6,18,25,20,0,SA,1,International
2015,Nissan,INFINITI,Q50,NSX,154,3.7,6,20,29,23,0,SA,1,International
2015,Nissan,INFINITI,Q50 AWD,NSX,158,3.7,6,19,27,22,0,SA,1,International
2015,Nissan,INFINITI,Q50a,NSX,153,3.7,6,20,30,23,0,SA,1,International
2015,Nissan,INFINITI,Q50a AWD,NSX,155,3.7,6,19,27,22,0,SA,1,International
2015,Nissan,INFINITI,Q70,NSX,151,3.7,6,18,26,21,0,SA,1,International
2015,Nissan,INFINITI,Q70,NSX,111,5.6,8,16,24,19,0,SA,1,International
2015,Nissan,INFINITI,Q70 AWD,NSX,152,3.7,6,18,24,20,0,SA,1,International
2015,Nissan,INFINITI,Q70 AWD,NSX,112,5.6,8,16,23,18,0,SA,1,International
2015,Nissan,INFINITI,Q70 HYBRID,NSX,141,3.5,6,29,34,31,0,SA,1,International
2015,Nissan,NISSAN,ALTIMA,NSX,23,2.5,4,27,38,31,0,CVT,1,International
2015,Nissan,NISSAN,ALTIMA,NSX,41,3.5,6,22,32,26,0,SCV,1,International
2015,Nissan,INFINITI,QX50,NSX,156,3.7,6,17,25,20,0,SA,1,International
2015,Nissan,INFINITI,QX50 AWD,NSX,157,3.7,6,17,24,20,0,SA,1,International
2015,Nissan,NISSAN,FRONTIER 2WD,NSX,83,2.5,4,17,23,19,0,A,1,International
2015,Nissan,NISSAN,FRONTIER 2WD,NSX,84,2.5,4,19,23,21,0,M,0,International
2015,Nissan,NISSAN,FRONTIER 2WD,NSX,181,4,6,16,22,18,0,A,1,International
2015,Nissan,NISSAN,FRONTIER 2WD,NSX,182,4,6,17,22,19,0,M,0,International
2015,Nissan,NISSAN,FRONTIER 4WD,NSX,183,4,6,15,21,17,0,A,1,International
2015,Nissan,NISSAN,FRONTIER 4WD,NSX,184,4,6,16,21,18,0,M,0,International
2015,Nissan,CHEVROLET,City Express Cargo Van,NSX,682,2,4,24,26,25,0,CVT,1,International
2015,Nissan,NISSAN,NV200 Cargo Van,NSX,681,2,4,24,26,25,0,CVT,1,International
2015,Nissan,NISSAN,QUEST,NSX,96,3.5,6,20,27,22,0,CVT,1,International
2015,Nissan,INFINITI,QX60 FWD,NSX,93,3.5,6,21,27,23,0,SCV,1,International
2015,Nissan,INFINITI,QX70 RWD,NSX,581,3.7,6,17,24,19,0,SA,1,International
2015,Nissan,NISSAN,PATHFINDER 2WD,NSX,591,3.5,6,20,27,23,0,CVT,1,International
2015,Nissan,NISSAN,ROGUE FWD,NSX,81,2.5,4,26,33,28,0,CVT,1,International
2015,Nissan,NISSAN,XTERRA 2WD,NSX,483,4,6,16,22,18,0,A,1,International
2015,Nissan,INFINITI,QX60 AWD,NSX,94,3.5,6,19,26,22,0,SCV,1,International
2015,Nissan,INFINITI,QX70 AWD,NSX,582,3.7,6,16,22,18,0,SA,1,International
2015,Nissan,NISSAN,PATHFINDER 4WD,NSX,592,3.5,6,19,26,22,0,CVT,1,International
2015,Nissan,NISSAN,PATHFINDER 4WD PLATINUM,NSX,593,3.5,6,19,26,21,0,CVT,1,International
2015,Nissan,NISSAN,ROGUE AWD,NSX,82,2.5,4,25,32,28,0,CVT,1,International
2015,Nissan,NISSAN,XTERRA 4WD,NSX,185,4,6,15,20,17,0,A,1,International
2015,Nissan,NISSAN,XTERRA 4WD,NSX,186,4,6,15,20,17,0,M,0,International
2015,Nissan,INFINITI,QX60 HYBRID FWD,NSX,691,2.5,4,26,28,26,0,SCV,1,International
2015,Nissan,INFINITI,QX80 2WD,NSX,381,5.6,8,14,20,16,0,SA,1,International
2015,Nissan,NISSAN,ARMADA 2WD,NSX,282,5.6,8,13,19,15,0,A,1,International
2015,Nissan,NISSAN,ARMADA 2WD,NSX,291,5.6,8,12,19,15,0,A,1,International
2015,Nissan,NISSAN,PATHFINDER Hybrid 2WD,NSX,693,2.5,4,25,28,26,0,CVT,1,International
2015,Nissan,INFINITI,QX60 HYBRID AWD,NSX,692,2.5,4,25,28,26,0,SCV,1,International
2015,Nissan,INFINITI,QX80 4WD,NSX,382,5.6,8,14,20,16,0,SA,1,International
2015,Nissan,NISSAN,ARMADA 4WD,NSX,283,5.6,8,12,18,14,0,A,1,International
2015,Nissan,NISSAN,ARMADA 4WD,NSX,292,5.6,8,12,18,14,0,A,1,International
2015,Nissan,NISSAN,PATHFINDER Hybrid 4WD,NSX,694,2.5,4,25,27,26,0,CVT,1,International
2015,Porsche,Porsche,911 GT3,PRX,531,3.8,6,15,20,17,1,AMS,1,International
2015,Porsche,Porsche,Boxster,PRX,202,2.7,6,22,32,26,0,AMS,1,International
2015,Porsche,Porsche,Boxster,PRX,201,2.7,6,20,30,24,0,M,0,International
2015,Porsche,Porsche,Boxster GTS,PRX,224,3.4,6,22,31,25,0,AMS,1,International
2015,Porsche,Porsche,Boxster GTS,PRX,223,3.4,6,19,26,22,0,M,0,International
2015,Porsche,Porsche,Boxster S,PRX,222,3.4,6,21,30,24,0,AMS,1,International
2015,Porsche,Porsche,Boxster S,PRX,221,3.4,6,20,28,23,0,M,0,International
2015,Porsche,Porsche,Cayman,PRX,212,2.7,6,22,32,26,0,AMS,1,International
2015,Porsche,Porsche,Cayman,PRX,211,2.7,6,20,30,24,0,M,0,International
2015,Porsche,Porsche,Cayman GTS,PRX,234,3.4,6,22,31,25,0,AMS,1,International
2015,Porsche,Porsche,Cayman GTS,PRX,233,3.4,6,19,26,22,0,M,0,International
2015,Porsche,Porsche,Cayman S,PRX,232,3.4,6,21,30,24,0,AMS,1,International
2015,Porsche,Porsche,Cayman S,PRX,231,3.4,6,20,28,23,0,M,0,International
2015,Porsche,Porsche,911 Carrera,PRX,102,3.4,6,20,28,23,0,AMS,1,International
2015,Porsche,Porsche,911 Carrera,PRX,101,3.4,6,19,27,22,0,M,0,International
2015,Porsche,Porsche,911 Carrera 4,PRX,110,3.4,6,20,28,23,0,AMS,1,International
2015,Porsche,Porsche,911 Carrera 4,PRX,109,3.4,6,19,27,22,0,M,0,International
2015,Porsche,Porsche,911 Carrera 4 Cabriolet,PRX,112,3.4,6,20,27,22,0,AMS,1,International
2015,Porsche,Porsche,911 Carrera 4 Cabriolet,PRX,111,3.4,6,19,26,22,0,M,0,International
2015,Porsche,Porsche,911 Carrera 4S,PRX,114,3.8,6,19,26,22,0,AMS,1,International
2015,Porsche,Porsche,911 Carrera 4S,PRX,113,3.8,6,18,26,21,0,M,0,International
2015,Porsche,Porsche,911 Carrera 4S Cabriolet,PRX,116,3.8,6,19,26,21,0,AMS,1,International
2015,Porsche,Porsche,911 Carrera 4S Cabriolet,PRX,115,3.8,6,18,26,21,0,M,0,International
2015,Porsche,Porsche,911 Carrera Cabriolet,PRX,104,3.4,6,21,28,23,0,AMS,1,International
2015,Porsche,Porsche,911 Carrera Cabriolet,PRX,103,3.4,6,19,27,22,0,M,0,International
2015,Porsche,Porsche,911 Carrera S,PRX,106,3.8,6,19,27,22,0,AMS,1,International
2015,Porsche,Porsche,911 Carrera S,PRX,105,3.8,6,19,27,22,0,M,0,International
2015,Porsche,Porsche,911 Carrera S Cabriolet,PRX,108,3.8,6,19,27,22,0,AMS,1,International
2015,Porsche,Porsche,911 Carrera S Cabriolet,PRX,107,3.8,6,19,27,22,0,M,0,International
2015,Porsche,Porsche,911 Targa 4,PRX,542,3.4,6,19,26,22,0,AMS,1,International
2015,Porsche,Porsche,911 Targa 4,PRX,540,3.4,6,18,26,21,0,M,0,International
2015,Porsche,Porsche,911 Targa 4S,PRX,544,3.8,6,18,25,21,0,AMS,1,International
2015,Porsche,Porsche,911 Targa 4S,PRX,543,3.8,6,18,26,21,0,M,0,International
2015,Porsche,Porsche,911 Turbo,PRX,521,3.8,6,17,24,20,0,AMS,1,International
2015,Porsche,Porsche,911 Turbo S,PRX,523,3.8,6,17,24,20,0,AMS,1,International
2015,Porsche,Porsche,Panamera,PRX,601,3.6,6,18,28,22,0,AMS,1,International
2015,Porsche,Porsche,Panamera 4,PRX,602,3.6,6,18,27,21,0,AMS,1,International
2015,Porsche,Porsche,Panamera 4S,PRX,616,3,6,17,27,21,0,AMS,1,International
2015,Porsche,Porsche,Panamera 4S Executive,PRX,617,3,6,17,26,20,0,AMS,1,International
2015,Porsche,Porsche,Panamera GTS,PRX,621,4.8,8,16,24,19,0,AMS,1,International
2015,Porsche,Porsche,Panamera S,PRX,611,3,6,17,27,21,0,AMS,1,International
2015,Porsche,Porsche,Panamera Turbo,PRX,631,4.8,8,15,24,18,0,AMS,1,International
2015,Porsche,Porsche,Panamera Turbo Executive,PRX,632,4.8,8,15,24,18,0,AMS,1,International
2015,Porsche,Porsche,Panamera Turbo S,PRX,636,4.8,8,15,24,18,0,AMS,1,International
2015,Porsche,Porsche,Panamera Turbo S Executive,PRX,637,4.8,8,15,24,18,0,AMS,1,International
2015,Porsche,Porsche,Macan S,PRX,311,3,6,17,23,19,0,AMS,1,International
2015,Porsche,Porsche,Macan Turbo,PRX,321,3.6,6,17,23,19,0,AMS,1,International
2015,Porsche,Porsche,Cayenne Diesel,PRX,431,3,6,20,29,23,0,SA,1,International
2015,Porsche,Porsche,Cayenne S,PRX,411,3.6,6,17,24,20,0,AM,1,International
2015,Subaru,Subaru,BRZ,FJX,2,2,4,25,34,28,0,SA,1,International
2015,Subaru,Subaru,BRZ,FJX,1,2,4,22,30,25,0,M,0,International
2015,Subaru,Subaru,IMPREZA,FJX,5,2,4,28,37,31,0,SCV,1,International
2015,Subaru,Subaru,IMPREZA,FJX,3,2,4,25,34,28,0,M,0,International
2015,Subaru,Subaru,WRX,FJX,25,2,4,19,25,21,0,SCV,1,International
2015,Subaru,Subaru,WRX,FJX,24,2,4,21,28,24,0,M,0,International
2015,Subaru,Subaru,WRX,FJX,26,2.5,4,17,23,19,0,M,0,International
2015,Subaru,Subaru,LEGACY,FJX,8,2.5,4,26,36,30,0,SCV,1,International
2015,Subaru,Subaru,LEGACY,FJX,13,3.6,6,20,29,23,0,SCV,1,International
2015,Subaru,Subaru,IMPREZA SPORT,FJX,28,2,4,27,36,31,0,SCV,1,International
2015,Subaru,Subaru,IMPREZA SPORT,FJX,27,2,4,24,33,28,0,M,0,International
2015,Subaru,Subaru,IMPREZA WAGON,FJX,6,2,4,28,37,31,0,SCV,1,International
2015,Subaru,Subaru,IMPREZA WAGON,FJX,4,2,4,25,34,28,0,M,0,International
2015,Subaru,Subaru,FORESTER,FJX,20,2,4,23,28,25,0,SCV,1,International
2015,Subaru,Subaru,FORESTER,FJX,18,2.5,4,24,32,27,0,CVT,1,International
2015,Subaru,Subaru,FORESTER,FJX,16,2.5,4,22,29,25,0,M,0,International
2015,Subaru,Subaru,OUTBACK,FJX,19,2.5,4,25,33,28,0,SCV,1,International
2015,Subaru,Subaru,OUTBACK,FJX,21,3.6,6,20,27,22,0,SCV,1,International
2015,Subaru,Subaru,XV CROSSTREK,FJX,15,2,4,26,34,29,0,SCV,1,International
2015,Subaru,Subaru,XV CROSSTREK,FJX,14,2,4,23,31,26,0,M,0,International
2015,Subaru,Subaru,XV CROSSTREK HYBRID,FJX,23,2,4,30,34,31,0,SCV,1,International
2015,Toyota,SCION,FR-S,TYX,147,2,4,25,34,28,0,SA,1,International
2015,Toyota,SCION,FR-S,TYX,146,2,4,22,30,25,0,M,0,International
2015,Toyota,SCION,iQ,TYX,48,1.3,4,36,37,37,0,CVT,1,International
2015,Toyota,LEXUS,IS 250 C,TYX,39,2.5,6,21,30,24,0,SA,1,International
2015,Toyota,LEXUS,IS 350 C,TYX,28,3.5,6,19,27,22,0,SA,1,International
2015,Toyota,LEXUS,RC 350,TYX,123,3.5,6,19,28,22,0,SA,1,International
2015,Toyota,LEXUS,RC 350 AWD,TYX,92,3.5,6,19,26,21,0,SA,1,International
2015,Toyota,LEXUS,RC F,TYX,142,5,8,16,25,19,0,SA,1,International
2015,Toyota,LEXUS,CT 200h,TYX,132,1.8,4,43,40,42,0,CVT,1,International
2015,Toyota,LEXUS,IS 250,TYX,140,2.5,6,21,30,24,0,SA,1,International
2015,Toyota,LEXUS,IS 250 AWD,TYX,45,2.5,6,20,27,23,0,SA,1,International
2015,Toyota,LEXUS,IS 350,TYX,122,3.5,6,19,28,22,0,SA,1,International
2015,Toyota,LEXUS,IS 350 AWD,TYX,43,3.5,6,19,26,21,0,SA,1,International
2015,Toyota,SCION,tC,TYX,16,2.5,4,23,31,26,0,SA,1,International
2015,Toyota,SCION,tC,TYX,17,2.5,4,23,31,26,0,M,0,International
2015,Toyota,TOYOTA,PRIUS c,TYX,108,1.5,4,53,46,50,0,CVT,1,International
2015,Toyota,TOYOTA,YARIS,TYX,13,1.5,4,30,36,32,0,A,1,International
2015,Toyota,TOYOTA,YARIS,TYX,14,1.5,4,30,37,33,0,M,0,International
2015,Toyota,LEXUS,ES 300h,TYX,75,2.5,4,40,39,40,0,SCV,1,International
2015,Toyota,LEXUS,ES 350,TYX,119,3.5,6,21,31,24,0,SA,1,International
2015,Toyota,LEXUS,GS 350,TYX,121,3.5,6,19,29,23,0,SA,1,International
2015,Toyota,LEXUS,GS 350 AWD,TYX,27,3.5,6,19,26,21,0,SA,1,International
2015,Toyota,LEXUS,GS 450h,TYX,124,3.5,6,29,34,31,0,SCV,1,International
2015,Toyota,TOYOTA,AVALON HYBRID,TYX,74,2.5,4,40,39,40,0,SCV,1,International
2015,Toyota,TOYOTA,CAMRY,TYX,62,2.5,4,25,35,28,0,SA,1,International
2015,Toyota,TOYOTA,CAMRY,TYX,65,3.5,6,21,31,25,0,SA,1,International
2015,Toyota,TOYOTA,CAMRY HYBRID LE,TYX,115,2.5,4,43,39,41,0,CVT,1,International
2015,Toyota,TOYOTA,CAMRY HYBRID XLE/SE,TYX,116,2.5,4,40,38,40,0,CVT,1,International
2015,Toyota,TOYOTA,COROLLA,TYX,35,1.8,4,27,36,31,0,A,1,International
2015,Toyota,TOYOTA,COROLLA,TYX,33,1.8,4,29,38,32,0,CVT,1,International
2015,Toyota,TOYOTA,COROLLA,TYX,131,1.8,4,29,37,32,0,SCV,1,International
2015,Toyota,TOYOTA,COROLLA,TYX,36,1.8,4,28,37,31,0,M,0,International
2015,Toyota,TOYOTA,COROLLA LE ECO,TYX,37,1.8,4,30,42,35,0,CVT,1,International
2015,Toyota,TOYOTA,COROLLA LE ECO,TYX,38,1.8,4,30,40,34,0,CVT,1,International
2015,Toyota,TOYOTA,PRIUS,TYX,133,1.8,4,51,48,50,0,CVT,1,International
2015,Toyota,TOYOTA,PRIUS v,TYX,134,1.8,4,44,40,42,0,CVT,1,International
2015,Toyota,TOYOTA,TACOMA 2WD,TYX,127,2.7,4,19,24,21,0,A,1,International
2015,Toyota,TOYOTA,TACOMA 2WD,TYX,81,2.7,4,21,25,22,0,M,0,International
2015,Toyota,TOYOTA,TACOMA 2WD,TYX,106,4,6,17,21,19,0,A,1,International
2015,Toyota,TOYOTA,TACOMA 2WD,TYX,69,4,6,16,21,18,0,M,0,International
2015,Toyota,TOYOTA,TACOMA 4WD,TYX,128,2.7,4,18,21,19,0,A,1,International
2015,Toyota,TOYOTA,TACOMA 4WD,TYX,83,2.7,4,18,20,19,0,M,0,International
2015,Toyota,TOYOTA,TACOMA 4WD,TYX,107,4,6,16,21,18,0,A,1,International
2015,Toyota,TOYOTA,TACOMA 4WD,TYX,71,4,6,15,19,17,0,M,0,International
2015,Toyota,TOYOTA,TUNDRA 2WD,TYX,109,4.6,8,15,19,16,0,SA,1,International
2015,Toyota,TOYOTA,TUNDRA 2WD,TYX,139,5.7,8,13,18,15,0,SA,1,International
2015,Toyota,TOYOTA,TUNDRA 4WD,TYX,73,4.6,8,14,18,16,0,SA,1,International
2015,Toyota,TOYOTA,TUNDRA 4WD,TYX,90,5.7,8,13,17,15,0,SA,1,International
2015,Toyota,TOYOTA,TUNDRA 4WD FFV,TYX,86,5.7,8,13,17,15,0,SA,1,International
2015,Toyota,TOYOTA,SIENNA,TYX,53,3.5,6,18,25,21,0,SA,1,International
2015,Toyota,TOYOTA,SIENNA AWD,TYX,54,3.5,6,16,23,19,0,SA,1,International
2015,Toyota,LEXUS,NX 300h,TYX,49,2.5,4,35,31,33,0,SCV,1,International
2015,Toyota,LEXUS,RX 350,TYX,22,3.5,6,18,25,21,0,SA,1,International
2015,Toyota,LEXUS,RX 450h,TYX,31,3.5,6,32,28,30,0,SCV,1,International
2015,Toyota,TOYOTA,HIGHLANDER,TYX,47,2.7,4,20,25,22,0,SA,1,International
2015,Toyota,TOYOTA,HIGHLANDER,TYX,51,3.5,6,19,25,21,0,SA,1,International
2015,Toyota,TOYOTA,RAV4,TYX,114,2.5,4,23,30,26,0,SA,1,International
2015,Toyota,TOYOTA,RAV4 LE/XLE,TYX,149,2.5,4,24,31,26,0,SA,1,International
2015,Toyota,TOYOTA,VENZA,TYX,11,2.7,4,20,26,23,0,SA,1,International
2015,Toyota,TOYOTA,VENZA,TYX,20,3.5,6,19,26,22,0,SA,1,International
2015,Toyota,LEXUS,NX 300h AWD,TYX,50,2.5,4,33,30,32,0,SCV,1,International
2015,Toyota,LEXUS,RX 350 AWD,TYX,24,3.5,6,18,24,20,0,SA,1,International
2015,Toyota,LEXUS,RX 350 AWD,TYX,23,3.5,6,18,26,21,0,SA,1,International
2015,Toyota,LEXUS,RX 450h AWD,TYX,32,3.5,6,30,28,29,0,SCV,1,International
2015,Toyota,TOYOTA,RAV4 AWD,TYX,102,2.5,4,22,29,25,0,SA,1,International
2015,Toyota,TOYOTA,RAV4 Limited AWD,TYX,103,2.5,4,22,29,25,0,SA,1,International
2015,Toyota,TOYOTA,VENZA 4WD,TYX,12,2.7,4,20,26,22,0,SA,1,International
2015,Toyota,TOYOTA,VENZA 4WD,TYX,21,3.5,6,18,25,21,0,SA,1,International
2015,Toyota,TOYOTA,4RUNNER 2WD,TYX,104,4,6,17,22,19,0,SA,1,International
2015,Toyota,TOYOTA,SEQUOIA 2WD,TYX,138,5.7,8,13,17,15,0,SA,1,International
2015,Toyota,LEXUS,GX 460,TYX,15,4.6,8,15,20,17,0,SA,1,International
2015,Toyota,LEXUS,LX 570,TYX,137,5.7,8,12,17,14,0,SA,1,International
2015,Toyota,TOYOTA,4RUNNER 4WD,TYX,105,4,6,17,21,18,0,SA,1,International
2015,Toyota,TOYOTA,4RUNNER 4WD,TYX,202,4,6,17,21,18,0,SA,1,International
2015,Toyota,TOYOTA,HIGHLANDER AWD,TYX,52,3.5,6,18,24,20,0,SA,1,International
2015,Toyota,TOYOTA,HIGHLANDER HYBRID AWD,TYX,125,3.5,6,27,28,28,0,SCV,1,International
2015,Toyota,TOYOTA,HIGHLANDER HYBRID AWD LE Plus,TYX,126,3.5,6,28,28,28,0,SCV,1,International
2015,Toyota,TOYOTA,LAND CRUISER WAGON 4WD,TYX,136,5.7,8,13,18,15,0,SA,1,International
2015,Toyota,TOYOTA,SEQUOIA 4WD,TYX,88,5.7,8,13,17,14,0,SA,1,International
2015,Toyota,TOYOTA,SEQUOIA 4WD FFV,TYX,85,5.7,8,13,17,14,0,SA,1,International
2015,VolkswagenGRP,Audi,R8,VGA,27,4.2,8,14,23,17,1,AMS,1,International
2015,VolkswagenGRP,Audi,R8,VGA,29,4.2,8,11,20,14,1,M,0,International
2015,VolkswagenGRP,Audi,R8,VGA,35,5.2,10,13,22,16,1,AMS,1,International
2015,VolkswagenGRP,Audi,R8,VGA,33,5.2,10,12,19,14,1,M,0,International
2015,VolkswagenGRP,Audi,R8 Spyder,VGA,26,4.2,8,14,23,17,1,AMS,1,International
2015,VolkswagenGRP,Audi,R8 Spyder,VGA,28,4.2,8,11,20,14,1,M,0,International
2015,VolkswagenGRP,Audi,R8 Spyder,VGA,34,5.2,10,13,22,16,1,AMS,1,International
2015,VolkswagenGRP,Audi,R8 Spyder,VGA,32,5.2,10,12,19,14,1,M,0,International
2015,VolkswagenGRP,Audi,TT Roadster quattro,VGA,3,2,4,22,31,26,0,AMS,1,International
2015,VolkswagenGRP,Bugatti,Veyron,VGA,60,8,16,8,15,10,1,AMS,1,International
2015,VolkswagenGRP,Lamborghini,Aventador Coupe,VGA,52,6.5,12,11,18,13,1,AMS,1,International
2015,VolkswagenGRP,Lamborghini,Aventador Roadster,VGA,53,6.5,12,10,16,12,1,AMS,1,International
2015,VolkswagenGRP,Lamborghini,Huracan,VGA,25,5.2,10,14,20,16,1,AMS,1,International
2015,VolkswagenGRP,Lamborghini,Veneno Roadster,VGA,54,6.5,12,11,17,13,1,AMS,1,International
2015,VolkswagenGRP,Audi,A3,VGA,7,1.8,4,23,33,27,0,AMS,1,International
2015,VolkswagenGRP,Audi,A3,VGA,101,2,4,31,43,36,0,AMS,1,International
2015,VolkswagenGRP,Audi,A3 Cabriolet,VGA,6,1.8,4,24,35,28,0,AMS,1,International
2015,VolkswagenGRP,Audi,A3 Cabriolet quattro,VGA,5,2,4,23,32,26,0,AMS,1,International
2015,VolkswagenGRP,Audi,A3 quattro,VGA,4,2,4,24,33,27,0,AMS,1,International
2015,VolkswagenGRP,Audi,A5 Cabriolet quattro,VGA,66,2,4,21,29,24,0,SA,1,International
2015,VolkswagenGRP,Audi,A5 quattro,VGA,65,2,4,21,30,25,0,SA,1,International
2015,VolkswagenGRP,Audi,A5 quattro,VGA,50,2,4,22,32,26,0,M,0,International
2015,VolkswagenGRP,Audi,RS5,VGA,30,4.2,8,16,23,18,0,AMS,1,International
2015,VolkswagenGRP,Audi,RS5 Cabriolet,VGA,31,4.2,8,16,22,18,0,AMS,1,International
2015,VolkswagenGRP,Audi,S3,VGA,42,2,4,23,31,26,0,AMS,1,International
2015,VolkswagenGRP,Audi,S5,VGA,74,3,6,18,28,21,0,AMS,1,International
2015,VolkswagenGRP,Audi,S5,VGA,77,3,6,17,26,20,0,M,0,International
2015,VolkswagenGRP,Audi,S5 Cabriolet,VGA,75,3,6,18,26,21,0,AMS,1,International
2015,VolkswagenGRP,Audi,TT Coupe quattro,VGA,2,2,4,22,31,26,0,AMS,1,International
2015,VolkswagenGRP,Bentley,Continental GT Convertible,VGA,22,4,8,14,24,17,1,SA,1,International
2015,VolkswagenGRP,Bentley,Continental GT Convertible,VGA,45,6,12,12,20,15,1,SA,1,International
2015,VolkswagenGRP,Volkswagen,Beetle Convertible,VGA,80,1.8,4,24,32,27,0,SA,1,International
2015,VolkswagenGRP,Volkswagen,Beetle Convertible,VGA,82,2,4,23,29,25,0,AMS,1,International
2015,VolkswagenGRP,Volkswagen,Beetle Convertible,VGA,96,2,4,30,40,34,0,AMS,1,International
2015,VolkswagenGRP,Volkswagen,Beetle Convertible,VGA,84,2,4,23,31,26,0,M,0,International
2015,VolkswagenGRP,Volkswagen,Beetle Convertible,VGA,92,2,4,30,40,34,0,M,0,International
2015,VolkswagenGRP,Volkswagen,Eos,VGA,36,2,4,22,30,25,0,AMS,1,International
2015,VolkswagenGRP,Audi,A4,VGA,46,2,4,24,32,27,0,SCV,1,International
2015,VolkswagenGRP,Audi,A4 quattro,VGA,64,2,4,21,30,25,0,SA,1,International
2015,VolkswagenGRP,Audi,A4 quattro,VGA,49,2,4,22,32,26,0,M,0,International
2015,VolkswagenGRP,Audi,Q3,VGA,62,2,4,20,29,23,0,SA,1,International
2015,VolkswagenGRP,Audi,Q3 quattro,VGA,37,2,4,20,28,23,0,SA,1,International
2015,VolkswagenGRP,Audi,S4,VGA,73,3,6,18,28,21,0,AMS,1,International
2015,VolkswagenGRP,Audi,S4,VGA,76,3,6,17,26,20,0,M,0,International
2015,VolkswagenGRP,Bentley,Continental GT,VGA,24,4,8,15,25,19,0,SA,1,International
2015,VolkswagenGRP,Bentley,Continental GT,VGA,43,6,12,12,21,15,1,SA,1,International
2015,VolkswagenGRP,Volkswagen,Beetle,VGA,79,1.8,4,25,33,28,0,SA,1,International
2015,VolkswagenGRP,Volkswagen,Beetle,VGA,78,1.8,4,24,33,27,0,M,0,International
2015,VolkswagenGRP,Volkswagen,Beetle,VGA,81,2,4,24,30,26,0,AMS,1,International
2015,VolkswagenGRP,Volkswagen,Beetle,VGA,95,2,4,31,41,34,0,AMS,1,International
2015,VolkswagenGRP,Volkswagen,Beetle,VGA,83,2,4,23,31,26,0,M,0,International
2015,VolkswagenGRP,Volkswagen,Beetle,VGA,91,2,4,31,41,34,0,M,0,International
2015,VolkswagenGRP,Volkswagen,CC,VGA,58,2,4,22,31,25,0,AMS,1,International
2015,VolkswagenGRP,Volkswagen,CC,VGA,59,2,4,21,32,25,0,M,0,International
2015,VolkswagenGRP,Volkswagen,CC 4Motion,VGA,56,3.6,6,17,25,20,0,SA,1,International
2015,VolkswagenGRP,Volkswagen,Golf,VGA,103,1.8,4,25,36,29,0,SA,1,International
2015,VolkswagenGRP,Volkswagen,Golf,VGA,85,1.8,4,25,37,30,0,M,0,International
2015,VolkswagenGRP,Volkswagen,Golf,VGA,100,2,4,31,43,36,0,AMS,1,International
2015,VolkswagenGRP,Volkswagen,Golf,VGA,104,2,4,30,45,36,0,M,0,International
2015,VolkswagenGRP,Volkswagen,GTI,VGA,1,2,4,25,33,28,0,AMS,1,International
2015,VolkswagenGRP,Volkswagen,GTI,VGA,8,2,4,25,34,28,0,M,0,International
2015,VolkswagenGRP,Volkswagen,Jetta,VGA,98,1.8,4,25,37,30,0,SA,1,International
2015,VolkswagenGRP,Volkswagen,Jetta,VGA,97,1.8,4,25,37,29,0,M,0,International
2015,VolkswagenGRP,Volkswagen,Jetta,VGA,93,2,4,24,32,27,0,AMS,1,International
2015,VolkswagenGRP,Volkswagen,Jetta,VGA,102,2,4,31,45,36,0,AMS,1,International
2015,VolkswagenGRP,Volkswagen,Jetta,VGA,99,2,4,23,34,26,0,SA,1,International
2015,VolkswagenGRP,Volkswagen,Jetta,VGA,86,2,4,25,34,28,0,M,0,International
2015,VolkswagenGRP,Volkswagen,Jetta,VGA,105,2,4,31,46,36,0,M,0,International
2015,VolkswagenGRP,Volkswagen,Jetta,VGA,94,2,4,23,33,26,0,M,0,International
2015,VolkswagenGRP,Volkswagen,Jetta Hybrid,VGA,107,1.4,4,42,48,45,0,AMS,1,International
2015,VolkswagenGRP,Audi,A6,VGA,47,2,4,25,33,28,0,SCV,1,International
2015,VolkswagenGRP,Audi,A6 quattro,VGA,48,2,4,20,29,23,0,SA,1,International
2015,VolkswagenGRP,Audi,A6 quattro,VGA,72,3,6,18,27,22,0,SA,1,International
2015,VolkswagenGRP,Audi,A6 quattro,VGA,17,3,6,24,38,29,0,SA,1,International
2015,VolkswagenGRP,Audi,A7 quattro,VGA,71,3,6,18,28,21,0,SA,1,International
2015,VolkswagenGRP,Audi,A7 quattro,VGA,18,3,6,24,38,29,0,SA,1,International
2015,VolkswagenGRP,Audi,A8,VGA,40,3,6,19,29,22,0,SA,1,International
2015,VolkswagenGRP,Audi,A8,VGA,11,4,8,18,30,22,0,SA,1,International
2015,VolkswagenGRP,Audi,RS7,VGA,21,4,8,15,25,18,0,SA,1,International
2015,VolkswagenGRP,Audi,S6,VGA,20,4,8,17,27,20,0,AMS,1,International
2015,VolkswagenGRP,Audi,S7,VGA,19,4,8,17,27,20,0,AMS,1,International
2015,VolkswagenGRP,Audi,S8,VGA,9,4,8,17,27,20,0,SA,1,International
2015,VolkswagenGRP,Bentley,Flying Spur,VGA,23,4,8,14,24,17,1,SA,1,International
2015,VolkswagenGRP,Bentley,Flying Spur,VGA,44,6,12,12,20,15,1,SA,1,International
2015,VolkswagenGRP,Bentley,Mulsanne,VGA,61,6.8,8,11,18,13,1,SA,1,International
2015,VolkswagenGRP,Volkswagen,Passat,VGA,90,1.8,4,24,36,28,0,SA,1,International
2015,VolkswagenGRP,Volkswagen,Passat,VGA,88,1.8,4,24,35,28,0,M,0,International
2015,VolkswagenGRP,Volkswagen,Passat,VGA,89,2,4,30,42,34,0,AMS,1,International
2015,VolkswagenGRP,Volkswagen,Passat,VGA,87,2,4,30,44,35,0,M,0,International
2015,VolkswagenGRP,Volkswagen,Passat,VGA,55,3.6,6,20,28,23,0,AMS,1,International
2015,VolkswagenGRP,Audi,A8L,VGA,15,3,6,24,36,28,0,SA,1,International
2015,VolkswagenGRP,Audi,A8L,VGA,41,3,6,19,29,22,0,SA,1,International
2015,VolkswagenGRP,Audi,A8L,VGA,10,4,8,18,29,22,0,SA,1,International
2015,VolkswagenGRP,Audi,A8L,VGA,14,6.3,12,14,22,17,1,SA,1,International
2015,VolkswagenGRP,Audi,allroad quattro,VGA,68,2,4,21,28,24,0,SA,1,International
2015,VolkswagenGRP,Volkswagen,Tiguan,VGA,39,2,4,21,26,23,0,SA,1,International
2015,VolkswagenGRP,Audi,Q5,VGA,67,2,4,20,28,23,0,SA,1,International
2015,VolkswagenGRP,Audi,Q5,VGA,70,3,6,18,26,21,0,SA,1,International
2015,VolkswagenGRP,Audi,Q5,VGA,16,3,6,24,31,27,0,SA,1,International
2015,VolkswagenGRP,Audi,Q5 Hybrid,VGA,63,2,4,24,30,26,0,SA,1,International
2015,VolkswagenGRP,Audi,SQ5,VGA,69,3,6,17,24,19,0,SA,1,International
2015,VolkswagenGRP,Volkswagen,Tiguan 4Motion,VGA,38,2,4,20,26,23,0,SA,1,International
2015,VolkswagenGRP,Audi,Q7,VGA,12,3,6,19,28,22,0,SA,1,International
2015,VolkswagenGRP,Audi,Q7,VGA,51,3,6,16,22,18,0,SA,1,International
2015,VolkswagenGRP,Volkswagen,Touareg,VGA,13,3,6,20,29,23,0,SA,1,International
2015,VolkswagenGRP,Volkswagen,Touareg,VGA,57,3.6,6,17,23,19,0,SA,1,International
2015,VolkswagenGRP,Volkswagen,Touareg Hybrid,VGA,106,3,6,20,24,21,0,SA,1,International
2015,Volvo,"Volvo Cars of North America, LLC",S60 AWD,VVX,75,2.5,5,20,29,23,0,SA,1,International
2015,Volvo,"Volvo Cars of North America, LLC",S60 AWD,VVX,23,3,6,19,28,22,0,SA,1,International
2015,Volvo,"Volvo Cars of North America, LLC",S60 FWD,VVX,87,2,4,25,37,29,0,SA,1,International
2015,Volvo,"Volvo Cars of North America, LLC",S60 FWD,VVX,92,2,4,24,35,28,0,SA,1,International
2015,Volvo,"Volvo Cars of North America, LLC",S60 PoleStar AWD,VVX,95,3,6,18,27,21,0,SA,1,International
2015,Volvo,"Volvo Cars of North America, LLC",S80 AWD,VVX,20,3,6,19,28,22,0,SA,1,International
2015,Volvo,"Volvo Cars of North America, LLC",S80 FWD,VVX,89,2,4,25,37,29,0,SA,1,International
2015,Volvo,"Volvo Cars of North America, LLC",V60 AWD,VVX,85,2.5,5,20,29,23,0,SA,1,International
2015,Volvo,"Volvo Cars of North America, LLC",V60 AWD,VVX,86,3,6,19,28,22,0,SA,1,International
2015,Volvo,"Volvo Cars of North America, LLC",V60 FWD,VVX,88,2,4,25,37,29,0,SA,1,International
2015,Volvo,"Volvo Cars of North America, LLC",V60 PoleStar AWD,VVX,96,3,6,18,27,21,0,SA,1,International
2015,Volvo,"Volvo Cars of North America, LLC",XC60 FWD,VVX,90,2,4,24,31,27,0,SA,1,International
2015,Volvo,"Volvo Cars of North America, LLC",XC60 FWD,VVX,93,2,4,22,30,25,0,SA,1,International
2015,Volvo,"Volvo Cars of North America, LLC",XC70 FWD,VVX,91,2,4,24,31,27,0,SA,1,International
2015,Volvo,"Volvo Cars of North America, LLC",XC60 AWD,VVX,94,2.5,5,18,25,21,0,SA,1,International
2015,Volvo,"Volvo Cars of North America, LLC",XC60 AWD,VVX,22,3,6,17,24,20,0,SA,1,International
2015,Volvo,"Volvo Cars of North America, LLC",XC60 AWD,VVX,43,3.2,6,18,25,20,0,SA,1,International
2015,Volvo,"Volvo Cars of North America, LLC",XC70 AWD,VVX,21,3,6,17,24,20,0,SA,1,International
2015,Volvo,"Volvo Cars of North America, LLC",XC70 AWD,VVX,42,3.2,6,18,25,21,0,SA,1,International
